Temperature (°C),Humidity (%),Light Intensity (lux),Water pH,Electrical Conductivity (mS/cm),Nitrogen Concentration (ppm),Plant Biomass (g),Root Volume (cm³),Yield (g/m²)
21.4,69.9,42442,5.78,1.61,146.5,84.9,18.4,4623
26.1,48.3,31699,6.73,1.34,165.7,247.5,32.3,4892.7
20,48.2,12347,6.87,1.03,114.7,122.2,37.4,4105.9
18.7,47.6,39486,6.31,1.86,184.1,214.1,15.5,1779.7
22,45,27110,6.59,1.32,114.6,125.2,19.8,3839.2
27.2,52.4,14923,5.68,1.31,189.1,218,17.7,1300.5
23,75.4,25611,6.41,1.19,145,243.1,18.8,2271.9
25.8,71,29199,6.55,1.28,155,137.1,46.8,1463.2
25,69.4,19066,6.18,1.05,189.7,161.9,38.6,4799.8
18.3,71.9,46047,5.86,2.01,130,175.7,39.5,2355
29.9,50.8,36754,6.82,1.6,118.2,237,41.8,3852.9
18.5,75.5,46575,6.61,1.84,144.6,101.3,24.3,3285.3
29.6,45.5,34260,6.85,1.96,124.4,172.2,40.7,1430
24.6,53.5,26991,6.73,2.46,152.8,114.9,49.1,3245.4
29.6,63.5,32553,6.99,1.1,127.5,93.4,37.9,3644.1
19.4,44.1,34174,5.79,1.63,186.4,67,26.7,4526.1
23.9,69.2,31957,5.63,1.37,160.7,174.1,38.7,1280.3
20,55.5,10634,6.01,1.72,100,226.4,46,2182.5
18.6,71.4,39881,5.69,2.38,180.5,120.3,15.2,3769.4
25.4,59.7,22771,6.28,2.09,133,160.5,20.6,1137.3
20.5,47.2,28298,6.45,1.99,132,178.4,46.8,1814.2
25.1,69.4,24340,6.37,1.66,138.3,132.9,47.8,1874.7
19.3,50.1,43356,5.89,2.01,163,230.7,29.4,3677.3
22,59.6,45999,6.86,1.05,144.2,122.6,25,2143.8
27.4,43,16351,5.53,1.88,162.9,75,21.3,3398.4
23.2,64.7,13838,6.02,1.83,114.7,78.8,30,4861.4
25.5,66.6,11973,6.58,1.52,197,228.2,47.4,4173
25.8,55.1,47812,6.65,1.3,173,247.6,16,2331.6
28.1,78.2,20247,6.12,2.21,125,107.8,26.8,2889.6
21.9,75,41655,5.53,1.08,172.4,78.7,46.5,1802.7
26.2,68.3,16683,6.43,1.1,157.5,146.4,24,1062.9
29.5,68.5,21244,5.59,1.66,110.9,191.9,40.7,2158.9
26.8,50.1,39058,5.66,1.38,117.8,172.5,25.6,2477.6
23.9,66.3,49551,6.48,2.12,104.1,240.2,42.2,3257.5
25.6,47.9,48362,5.97,1.95,180.9,213.6,49.2,4776.3
26.9,45.8,38371,6.02,2.16,155.2,223.8,25.5,4791.4
25.3,80,13822,6.23,1.49,131.7,158.3,43.8,1280.4
18.2,64.9,38878,6.97,2.11,112.6,115.5,49.5,3458.6
20.3,57.2,46157,6.95,2.29,148.4,190.3,49.4,1169.4
27.7,51.5,15914,6.12,1.52,152.5,137.8,27.4,3592.3
21.3,64.2,28164,5.9,1.51,170.2,107.6,29.4,1470.8
26.8,42,37180,5.95,2.35,197,80.5,22.1,4785.6
22.5,43.8,13688,5.9,1.07,143.5,155.6,22.6,4457.4
24.3,41.3,24683,6.3,1.53,140.6,168.9,29.7,1089.3
18.8,60,23080,6.41,1.18,137,163.8,18,4128.5
20.2,64,40953,6.23,1.04,182.7,73.3,38.4,3543.6
29.5,42.5,19916,6.11,1.17,115.6,164,31.5,2981.5
28.7,68.8,39677,5.82,1.65,134.4,83.7,45.9,3410.5
25.8,49.2,37360,6.22,2.03,172.5,182.7,42.4,3713
23.5,67.4,47805,6.01,1.43,101.6,135.9,22.9,4537.8
26.1,79.3,23453,6.31,2.27,128.9,219.8,30.2,4069.4
25.4,67.6,32703,6.51,1.66,164.1,205.7,40,3301.5
24.8,75.3,18640,6.45,2.45,118.6,194.9,17.7,4298.5
18.7,77.9,39263,6.19,2.43,130.3,190.1,11.3,4947.7
25.6,59.5,42849,6.33,2.16,148.6,162.1,44.1,2200.7
27.2,68.1,49046,5.93,2.4,142.2,62.2,15.5,1473.7
29.9,74.1,26078,5.54,2.06,110.6,181.1,45.6,3925.8
18.1,54.3,33383,6.44,2.34,193.8,143.4,46.5,4914.4
26.8,50.5,25536,5.88,1.35,104.4,143.9,28.4,1466.8
24.9,77.9,17410,6.5,1.52,175,125.8,42.3,2726.8
23.2,69.1,25926,6.62,2.13,107.1,235.8,24.5,1249.1
19.5,48.8,44248,6.87,1.64,146.7,99.9,44.3,4106.1
22.9,58,41159,6.94,2.26,117.5,113.3,43,4794.8
22.3,71.9,46366,5.52,2.32,114.1,242.6,13.1,2996
21.6,61.9,39090,6.99,1.45,112.6,212,33.3,2638.1
26.8,66,30567,6.52,2.24,145.3,52.8,35.6,4630.9
26.4,70.2,25367,6.47,1.23,151.5,231.2,10,1533.6
25.1,64.9,45367,5.52,1.5,113.3,95.3,49.2,4566.3
29.3,61.6,15813,6.79,1.78,197.9,191.2,26.3,2568.5
22.2,70,46621,5.72,1.34,125.8,160.6,30.7,3237.6
20.9,69.1,44269,6.76,1.87,145.9,157.4,17.8,3113.2
25.9,65.2,47018,5.52,1.87,121.6,193.6,34.4,3463.9
20.4,54.4,49759,6.47,1.31,149.4,91.4,42.4,4768.5
21.8,56.2,26498,6.15,2.19,175.6,81.8,33.4,4804.5
20.7,78.8,35989,5.8,1.95,152.1,180.4,41.5,4324.6
18.8,44.5,47174,5.66,1.48,128.6,108.1,39.2,1766.2
27.9,50.7,35568,6.16,1.35,124.8,244.8,19.5,2334.1
21.1,59.7,11041,5.68,2.32,175.9,140.3,27.4,2951.3
23.7,73.5,49695,6.23,2.25,111.8,72.3,15.9,4621.8
18.5,46.5,40099,6.44,1.34,137,187.2,11.7,3083.5
26.4,51.1,34364,6.74,1.05,115.1,111.2,12.5,4909.7
22,42.6,49143,6.52,2.21,125.8,79.7,47.7,4935.4
26.9,68.2,33482,5.6,1.92,115.3,134.6,49.4,3394.3
22.9,49.5,13676,5.96,1.15,188.7,242.8,13.8,4510
20.3,55.5,31781,5.93,1.88,173.2,132.3,23.4,4996.9
24.2,57.7,40048,6.87,1.68,156.1,119.5,14.6,4398.9
19.6,75.7,13065,6.8,2.16,122.4,138.9,43.4,3627.6
23.3,56.5,12036,6.06,1.31,151,52.4,29.9,4380.5
21.8,45.8,45814,5.61,1.68,152.1,76.6,34.9,1330.6
28.9,61,26924,6.84,1.23,159,219.9,31.6,3539.3
18.7,78.5,42844,6.83,2.44,106,245.6,38.4,1866.1
26.3,64.3,26407,6.78,2.17,197.3,81.6,22.8,1464.3
20.2,79.3,31518,6.77,2.11,146.5,157.1,15.5,4571.5
21.8,73.6,27059,6.22,2.04,192.7,243.3,10.7,3558.6
23,41.4,33052,5.77,1.64,101,81.3,27.8,1974.2
28.9,66.3,14267,6.22,2.38,124.8,87.3,46.3,2547.1
20.9,51.5,15988,6.24,1.11,110.4,235.4,22.2,4893.1
19.1,62.4,37974,6.23,2.2,177,191.1,17.8,4448.7
21.8,51.2,34036,6.31,1.32,132,80.4,47,1062.3
19.3,54,18680,5.89,1.49,184,128.7,14.2,4919.2
19.5,76.9,11485,6.05,1.78,183.2,61.3,12.1,2474.1
24.9,48.3,24713,6.15,2.17,166.8,136.5,45.2,3781.7
18.7,75,30043,5.7,2.26,166.6,205.6,38,3850.7
18.4,41.2,12419,6.18,1.88,170,160.8,26.9,4646.7
26.6,43.6,46263,6.72,1.6,167.4,179.5,40.1,4540.2
22.3,74.2,27140,6.74,2.42,138.7,115.4,39.7,2126.9
19.5,65.2,22961,6.12,1.37,168.3,82.3,11.6,3574.1
21,69.9,16487,6.28,2.2,189.7,52.6,37,2574.8
25.7,48.4,41110,5.55,1.92,133.3,214.3,35.6,3102.2
21.3,61.5,26360,6.51,1.57,194.5,177.3,48.6,3218.7
23.9,69.5,46843,6.11,1,101.4,95.9,48.7,2585.4
19.5,65.1,34882,6.17,1.67,134.9,133.7,25.1,2855.6
25.1,58.9,27502,6.81,1.42,113.2,210.3,33.6,1833.4
21.8,78.4,17631,6.19,1.16,112.7,157.7,15.7,3430.6
25.5,67,13017,5.53,1.11,181.5,110,12.7,4035.8
27.7,76.3,30725,5.84,1.52,191.8,103.4,27.3,2719
25.3,69.2,34762,6.21,1.92,177.8,93.5,37.6,4910.7
21.5,69.4,10784,6.14,2.26,197.7,214.7,32.7,1228.9
21.1,43.2,38020,6.79,1.28,121.6,166.4,27.2,3356.6
21.9,54.4,48459,6.31,1.64,114.1,191.8,42.7,3334.4
20,74.3,25765,6.53,1.59,152.1,222,41.8,1145.2
20.2,49.3,41127,6.2,1.77,182.9,247.4,39.3,1898.3
27.5,44.6,13196,6.16,2.21,104,99.9,13.1,4622.2
22.6,53,19552,6.17,1.83,199.6,86.2,41.9,3178.1
23.2,48.8,41921,6.12,2.27,160.2,142.4,46.8,2745.5
25.1,77,14746,6.31,1.78,197.9,57,12.4,2662
25.1,74.7,12999,5.88,1.91,136.5,208.3,26.1,4552.6
18.8,60,25595,6.84,1.66,145.8,226.8,49.5,2468.1
28,42.5,32063,6,2.23,175.2,187.2,34,4436.7
20.1,68.6,16200,5.72,2.39,179.3,103.6,30.5,2236.8
26.7,64.9,48164,5.64,1.96,123.3,74.6,17.1,3126
27.3,78.8,33377,5.52,2.23,193,126.4,32.6,1575.3
26.6,62.4,23410,6.13,1.09,186.7,216.7,27.6,4300.1
24.9,53.5,13598,5.78,2.36,101.8,119.6,15.1,3943.9
18.2,60.8,20564,5.53,1.28,112.9,56.9,28.6,3120.4
22.3,79.2,40898,6.28,1.38,149.6,104.9,16.6,1103.6
25.3,67.9,30598,6.52,1.08,146.1,248,39.2,2925
22.6,66.9,27862,5.63,2.45,170.8,185.3,48.9,1900.8
28.4,49.6,20265,6.19,2.28,109,230.2,28.8,2653.5
21.7,69.7,19705,6.62,2.37,164.5,205,35.3,4425.7
21.5,70,35544,6.98,2.27,161.6,157.9,27.2,4078.4
21.2,52.7,24298,6.5,1.72,123.4,79.7,15.5,1967.8
22,59.3,42670,5.87,2.39,154.2,119.7,48.8,4939.8
24.7,51.8,16050,6.57,2.45,122.2,166.7,15.2,4612.8
26.5,50.3,31034,6.4,1.75,114.7,224.1,14.5,3114.7
26,41,18484,5.82,1.26,157.3,103.7,28.4,3120.6
27.7,51.4,41323,6.78,1.99,197.7,74.2,36.4,4605.1
28.6,62.2,30796,6.14,2.46,123.7,161.8,24.2,3544.6
27.8,40.1,39069,6.94,2.31,135.5,85.3,17.7,3146.8
18.2,51.3,31827,6.58,2.29,125.7,172.1,42.8,3996.6
26.8,75.3,45361,6.47,2.4,126.6,102.7,24.5,1940.4
20.5,63.7,20315,6.59,2.34,140.4,96.2,17.8,4513.5
19.6,64.3,36519,6.22,2.16,170.2,129.8,24.6,3125.7
25.7,56.1,19107,6.26,2.08,103.9,168.6,18.6,3414
21.8,67.1,13869,6.78,1.4,195.7,159.1,30.8,1359.8
18.7,47.6,25447,6.52,1.93,104.6,98.9,36.7,2238
19.7,72.7,37370,6.85,1.78,188.1,228.2,42,2706.9
18,44.7,17971,6.84,2.29,189.4,72,19.1,2655.6
28.8,66.2,41269,6.96,1.74,152.4,57.9,16.7,4113.1
18.3,53.6,35651,6.55,1.19,113.7,170.5,10.8,2129.3
20.5,69.9,45757,6.25,1.01,156.5,74.7,19.1,1728.4
23,62,33446,5.75,2.02,162.9,151,11,3330.5
22.3,58.1,48108,6.56,1.82,185.8,240.4,23.8,3460.1
28.9,46.8,19643,5.94,1.5,155.1,189.7,15.8,1486.3
18.5,65.5,13823,5.92,1.25,141.1,173.5,33.2,1009.9
24.1,79,23454,5.86,1.7,183.8,165,25.3,4670.6
26.2,73,13932,6.81,1.15,198.1,85.9,13.7,1318.5
29.2,42.4,20220,6.8,1.5,164.5,136.5,26,4591.5
25.4,55,18554,6.45,1.57,187.4,118.5,18.4,2596.9
27.6,77,12429,6.21,1.7,159.9,240.6,37.2,3612.2
19,60.1,38208,6.51,1.7,169,98.5,24.6,1742.5
22.6,66.5,17444,6.41,1.39,168.8,144.3,15.9,4295.7
22.5,76.5,20510,6.12,2.28,170.5,237.6,24,1720.8
28.6,75,20537,6.07,1.53,132.1,207.8,19,2546
19.8,60.1,17147,6.07,1.34,157.6,242.9,41.8,1952.1
19.8,57.5,13598,6.38,1.26,159.4,171.7,49.3,4350
21.9,53.6,47097,6.47,1.48,131.5,116.8,11,4433.3
18.7,68.8,16718,6.18,1.1,135,215.3,37.6,2488.1
20.2,51.5,23782,6.95,1.05,176.2,108.3,20.6,2229.5
29.6,50,10051,5.63,1.91,158.3,83,12.7,4094.3
23.1,54.2,26702,6.02,1.93,114.9,191.3,10.6,4514
25.6,47.1,20184,6.13,1.79,183.8,177.8,45.2,3496.1
26.7,67.8,22468,5.53,2.14,188.3,225.8,24.1,4709.6
22.4,64.6,32072,6.05,1.06,146.6,242.4,49.8,2532.2
19.8,59.3,25479,5.91,2.4,120.9,221.4,27.7,1607.5
20.5,55.6,38467,6.26,1.14,194.8,62,17.5,1718.6
21.8,76.4,33402,6,2.01,188.2,182.9,41.1,3679.3
25.6,41.2,17210,6.59,1.2,124.4,206.9,47.1,2630.1
22.8,70.8,46724,6.26,2.32,109.6,246.4,42.6,1625.3
18.1,76.1,16057,5.69,1.77,144.1,124.9,39.8,2168.9
24.3,57.9,40916,6.63,1.12,167.6,84,23.4,3122.4
29.1,62,37268,5.65,1.93,117.5,220.6,12.6,1485.8
27.7,77.8,33259,6.76,1.01,151.3,113.5,18.1,1013.8
27.9,48.5,23864,6.9,2.16,142.5,169.6,27.9,4669.2
27.5,60.8,44293,5.98,1.98,189.1,128,48.2,2219.4
21.9,59,17043,6.89,1.32,143,130.5,38.9,1886
27.2,50.3,48893,6.69,1.56,153.4,196.5,43.1,3793.9
19.7,72.7,22529,6.88,1.01,195.5,122.3,21.1,4413.6
25.9,76,40868,6.5,2.04,130,188.6,37.4,3529.1
25.7,71.3,36309,5.85,1.48,128.9,52.9,44.5,2017.9
18.3,47.8,33284,6.84,1.86,180,114.9,29.2,4446.5
27.5,43.5,45268,5.78,2.44,127.8,113.8,27.2,3041.7
28.8,64.2,13464,5.82,1.45,183.2,199.8,38.8,2524.8
21.2,42.3,28643,5.91,2.49,109.6,112.9,32.4,3418.9
27.7,66.9,39265,5.96,1.95,111.1,176.7,49.7,3802.4
19,61.2,25954,6.27,1.36,190.1,187.7,27,3375.3
25.2,66.5,33880,6.57,1.66,154.1,181.7,17,4681
23.8,63.6,29043,6.89,2.11,171.9,170.7,28.9,3512.1
24.6,56.9,10255,5.63,1.67,122.5,132.7,19.4,4514.3
29.1,48,11502,6.93,1.1,116.6,124.7,32.5,3347.8
28.5,52.2,14656,6.88,1.25,183.5,162.9,15,2318.7
27.4,61,20302,5.58,2.19,135.9,62.7,48,3129.2
21.3,66.1,15430,6.04,1.97,145.5,225.2,44.4,1345.3
28.9,71.2,37425,6.72,1.85,102.8,215.1,16.2,1920.7
19.2,70.7,11860,6.42,1.25,138.6,119.3,16.9,4064.9
28.2,78.9,16158,6.67,2.26,177,163.4,30.5,3645.9
21.9,51.4,15806,6.58,2.44,182.1,236.4,40.9,1666.1
18.6,42.8,30738,6.25,1.06,169.9,104.3,18.8,2752.1
26,53.8,27106,5.56,1.12,169.2,198.5,12.4,1568
20.8,69.7,19474,6.38,2.33,150.6,66.5,31.8,4423.3
20.9,57.5,26997,5.57,2.22,153.8,154.7,37.7,1436.7
21.7,72.7,42599,6.41,1.93,174.3,226.8,19.8,3616.9
18.8,62,15790,6.7,2.42,124.7,160.3,39.6,3428
20.1,77.2,20170,6.38,1.97,123.2,173.3,48,2891.1
18.1,77.9,19004,7,1.32,195,231.5,15.5,2112.9
23.3,42.8,35792,6.18,2.09,102.8,193.1,30.4,2615.8
19,58.3,40216,6.62,1.97,113.9,189.2,12.3,4225.6
26.2,64.4,17232,6.5,2.48,157,167.3,18.3,4046.2
20.8,50.2,22674,6.99,1.32,173.8,176.6,13.6,3955.2
29.3,56.3,26052,6.57,1.9,153.8,210.7,26.2,3999.3
28.5,67.1,15913,5.75,2.17,135.5,245.8,42.8,1575.5
21.5,49.1,37913,6.93,1.51,197.8,209.1,33.1,1396.4
27.4,64.1,20567,6.5,1.57,170.4,191.5,18.9,4446
27.6,67.9,48379,5.59,2.33,183.1,77.1,11.6,4348.7
29.8,43.6,19432,6.49,1.61,104,213.4,32.1,3725.3
25.2,59.9,10319,6.82,1.94,123.6,197.2,15.3,3423.6
19,50.5,34469,6.37,2.33,137.4,204.1,23.7,2467.5
25.8,69,36490,6.03,1.31,118.3,96.2,30.4,1896.3
25.5,47.6,30584,6.73,2.47,107.3,230.7,46.1,3670.6
25.7,75.7,14791,6.67,2.05,122.5,69.5,13.3,4652.1
21.7,57.2,41736,6.32,1.74,153.4,100.7,36.7,2748
28.3,47.9,10329,5.73,1.65,169.6,182.6,10.6,2212.8
29.5,57.5,18851,5.88,2.43,177.4,184.7,35.2,2083
20.6,56.3,33126,6.61,1.31,104.3,112.7,32.1,1094.8
19.1,57.2,31300,6.71,1.47,142.8,190.3,42.5,3081.3
20.3,63.4,20164,5.92,1.46,112.2,127.6,31.3,4952.9
27.8,60.8,34509,6.05,1.43,143.1,50,24.1,4261
26.1,46,15703,5.62,1.7,143.4,82.5,19.7,4589.9
25.6,42.6,37109,6.57,2.48,149.8,226.5,13.4,3484.7
22.8,69.2,32554,5.51,2.33,189.3,94.5,31.4,2925.8
24.9,62.4,37676,5.57,1.49,180.5,72.6,45.5,4961.8
21.7,54.4,33804,5.51,1.63,163.7,186.4,30.6,2788.6
23.7,72.3,46923,6.47,2,188.5,138.1,39.6,4667.3
27.5,55.5,39802,6.13,1.03,167.8,209.3,21.9,4047.4
29.8,71.8,34795,5.95,2.23,181.9,222.3,27.9,2323.9
29.2,52.2,12611,6.87,2.32,156.4,219.2,23,3012.2
29.2,42.9,32075,5.79,2.29,152.5,112.6,14.4,2537.3
22.8,77.3,26479,6.08,1.56,172.4,151.1,26.7,1544.9
23.6,55.8,19180,6.91,1.69,102,180,40.6,2427.1
26.5,71.7,19304,6.14,1.02,169,114.4,25.8,4555.9
29.1,51.2,24610,6.33,1.6,193.5,58.2,36,4010.5
19.7,65.9,18437,5.62,1.69,171.4,149.1,40.3,2110.3
21.7,74.9,22521,6.69,2.36,103.7,52.6,22.9,2471.7
19.7,41.7,34028,6.13,2.34,137.8,240.1,41.9,3465.7
25.3,73.2,49328,6.7,2.45,181,209.3,23.6,2664.6
21.7,62.9,37301,5.88,2.33,195.9,88.4,20.2,3012.2
21.9,64.3,48015,6.13,1.01,137,107.5,18.9,3792.7
18.9,60.9,31740,6.68,1.96,184.1,246.6,18,2869
22.2,75,46845,6.96,1.1,186.4,124.7,39.5,1763.9
28.3,41.7,31282,5.59,1.41,112.3,206.7,45.5,3082.3
20.8,50.4,20858,6.72,1.87,184.6,139.4,19.2,2424.5
26.3,75,25186,5.95,2.05,132.4,222.8,13.4,2162.9
25.6,70.1,44185,6.33,1.98,159.3,190.8,22.6,2312.4
28.4,40.7,41194,5.94,1.07,153.9,54.6,36.3,2756
19.6,60.7,35230,6.42,1.16,166.3,108.9,24.7,4546.5
29.7,61.2,37018,6.03,1.19,174,161.6,32,3936.2
25,56,34665,6,1.14,144.1,235.2,39.8,3671.5
29.9,51.9,31516,5.56,1.27,188.8,70.4,26.3,2885
28.9,67.3,45272,5.72,2.03,180.9,170.2,50,1007.3
20.7,48.3,34673,6.88,2.25,178.5,110.4,21.9,2362.2
18.7,72,15239,7,1.61,145.8,227.9,49.1,4252.8
21.1,72.1,36415,6.67,2.04,103.8,203,18.1,2552.7
24.3,56.6,47888,5.93,1.3,149.2,123.9,14.4,3255.3
20.1,51.3,37195,6.1,2.46,189.8,83.4,40,1819
20,51.4,49161,6.61,1.52,119,52.3,38.1,4663.4
23.6,59.3,39323,6.95,2.27,198.3,174.2,42.4,4692.7
18.4,68.8,44964,6.18,2.42,180.8,131.2,23.7,1584.3
19.5,54.4,46234,6.74,2.3,171,113,47.2,3896.6
23,64.4,40763,6.96,1.1,167.7,247.1,14.8,1301
18.8,55.3,44674,6.81,1.98,158.7,143.2,11.2,3394.2
22.8,52.2,28105,5.84,1.18,172.1,200,22,1714.6
23.7,41,39739,5.51,1.01,142.2,85.5,41.9,1582.8
23.4,40.2,41969,6.24,1.08,184.5,52.7,36.9,1016.5
28.4,49.1,24497,6.3,2.37,169.6,133.5,27.4,4763.4
24.4,56.3,11816,5.8,2.36,177.1,183.1,20.3,4317
23.6,74.1,36483,5.93,1.34,179.2,151.3,12.4,1309.9
22.9,71.9,32159,6.65,1.82,109.2,228.1,23.5,3397.5
27.8,50.7,13849,6.21,2.43,105.6,136.8,28.4,1931.6
28.7,49.8,31612,5.98,1.75,180.1,112.2,37.5,2056.1
28.2,49.1,49617,6.43,1.59,125.9,233.2,35.8,4496.7
26.1,53.6,43826,6.48,1.72,158.2,131.4,47.9,1457.3
19.6,59.9,28706,6.65,2.19,144.4,103.9,14,3406
21.3,57.5,34563,5.74,1.72,102.2,69.5,23.5,2605
18.6,48.7,14359,6.61,2.17,104,208.7,29.3,1763.2
29.2,45.2,40669,6.4,1.65,182.7,215,36.8,2807.7
25.9,40.5,22809,5.59,1.38,160.8,56.7,29.8,4762
27,46.2,48428,6.67,1.49,152.4,121.7,46.5,4126.4
21.7,68.2,39454,6.07,1.12,194.4,200,34.3,1528.4
28.1,49.7,17254,6,1.75,117.3,239.3,11.6,4397.7
21.1,58.7,34785,6.17,1.22,125.8,125.6,14.5,4749.8
18,63.7,12093,6.02,2.22,175.7,224.4,40.1,2107.9
22.5,75.5,42009,6.01,1.63,177.5,128.7,38.6,2333.7
24.8,75.6,26558,6.71,2.15,140.5,85.9,16.1,1505.2
23.7,69.8,27718,5.69,2.43,195.1,50.7,12.4,2379.8
28.3,41.4,26705,6.96,2.27,193.8,116,33.1,3692.6
19.3,63,32082,6.33,2.43,101.2,125.7,35.4,2088.6
24.6,71.5,22342,5.77,1.85,117.2,239,15.4,1027.3
24.2,40.7,22239,5.7,1.25,182,91.2,28.9,2354.2
21.4,62,42274,6.39,2.4,133.5,126.4,22.2,2812.7
27.9,74.3,21419,6.45,2.3,109.5,55,47.3,3265.4
27,59,25003,5.58,2.3,178.5,202.7,18.8,3735.3
26.8,40.2,40866,5.86,2.04,145.5,233,39.3,1247.1
28.5,40.4,31988,6.69,1.94,149.2,97.6,30.7,2879
26.7,56.7,34908,5.57,1.02,118.6,135.8,10.5,2065.4
20.8,46.2,15674,6.78,2.12,166.1,74.4,30.7,4791.9
26.5,66.6,15002,6.49,1.14,155.1,141.4,14,2439.6
21.7,68.4,37567,6.15,1.39,120.7,76.7,36.4,1400.5
20.9,47.1,10910,6.02,1.83,134,154.7,32.6,1166
18.9,75.5,39072,5.53,1.68,159.7,196.9,10.4,2061.6
26.9,57.7,43717,6.74,1.02,192.5,160.7,18.2,1715.5
26.5,45.7,31809,5.71,2.24,192,99,41,3599.2
20.8,70.6,36651,5.96,2.32,128.8,120.8,21,4387.9
27,71.6,26484,6.35,2.02,173.6,177.7,30,2250.2
29,65.6,14646,5.87,1.81,177.6,168,22.5,3311.2
19.3,74.1,49713,6.25,2.44,180.9,77.4,46.9,3921.2
20.8,69.5,12400,6.71,1.18,157.1,219,31.5,2594
27,75.3,32185,6.21,2.11,101.1,145,37.8,1265.3
21.3,57.4,28727,6.92,1.19,176.2,82.5,13.3,1916.7
25.5,69.9,43120,6.77,1.57,110.7,74.6,11.6,4532.3
19,80,11018,6,1.88,111.7,243.1,20.4,4297.9
23.4,69,27563,6.1,2.11,160.6,106.3,22.4,1346.1
26.9,44.6,15193,6.13,1.01,198.4,231.7,37.5,1895.8
26.2,60.7,25701,6.44,1.39,124.3,132.1,32.8,4076.7
27.8,63.5,13536,5.93,1.81,164.6,127.2,25,2943.6
28.5,47,28886,6.95,1.8,130.4,190.2,36.2,4039.9
27.3,78.5,46587,6.41,1.96,189.9,52,16.5,1844.4
26.1,47,39410,6.1,1.46,159.4,117.6,12.5,4810.8
18.4,47.1,43744,6.47,1.81,120.7,110.5,44.2,4134.4
24.4,76.6,48665,6.09,1.28,126.2,223.6,32.6,1789.8
18.5,58.6,25957,6.73,1.28,143.2,155.8,36,3233.8
27.7,42.5,42875,6.35,1.86,112.2,122.9,22.3,1452.4
21.8,63.9,11626,5.56,2.03,107.9,103.2,24.9,2445.7
24.7,64.1,35279,5.77,1.18,168,168.1,13.3,3638.5
21.4,42.6,16229,6.8,1.18,140.7,80.3,44.3,2320.5
27.4,78.9,16877,6.34,1.85,172.6,99.2,33.7,3627
28.6,61.8,43642,6.93,1.41,111,108.7,13.3,1979.1
22.8,62.4,48311,5.61,1.59,161,171.6,42.2,3884.8
28.4,60.8,42356,5.94,1.6,144.3,124.7,27.8,2438.4
21.2,64.4,13809,5.79,1.27,105.8,151.2,40.6,4161.9
24.4,50.6,44875,6.33,1,154.5,180.1,10.5,1546.8
28.3,51.5,19465,6.07,2.28,108.3,241.3,11.1,2447.9
21.9,60.5,10559,5.74,2.07,182.8,203,16.8,2855.7
29.4,72.3,18308,6.46,2.04,163.2,131.1,18.4,2695.4
19.5,42,31353,6.3,1.82,155.7,199.7,40.6,2732.4
18.2,64.1,25250,5.91,2.05,113.3,239.9,38.3,2779.2
28.8,72.3,45814,6.22,2.4,128.7,149.9,34.6,4955.2
18.8,46.3,26427,6.62,2,149.3,132.1,45.4,1772.6
29.9,40.6,43276,5.81,1.4,163.3,65.6,19.9,4074.7
29.4,52.5,16107,5.94,1.86,118.3,228.5,46.2,3207.2
19.6,63.5,23476,6.02,1.66,100.9,99.3,46.4,2654.5
24.5,45.5,13439,6.62,1.83,134.5,62.8,27.4,3534.1
20.2,57,30312,6.77,1.78,148.3,157.4,13.8,4414.1
23.1,62.1,31795,6.06,2.29,118.4,219.2,39.1,2866.6
18.7,64,23136,5.94,1.98,149.2,131.3,23.5,4459.2
20.7,51,24167,6.83,1.28,133.8,206.6,41.8,1375.2
22.4,56,27300,7,1.09,145.5,217.3,16.5,3612.3
23.3,71.1,27182,6.51,1.64,134.7,140.9,31.6,2332.7
29.7,77.6,14971,6.98,1.02,162.8,168.2,30.3,2546.9
27.7,74.5,36909,6.49,1.48,104.3,156.8,14,3284.1
26.8,62.6,29659,6.6,1.55,117.1,237.8,24.5,2919.7
24.4,56.4,41403,6.08,1.56,143.3,195.1,13.4,2527.1
28.1,53.3,43586,6.15,2.47,135.6,235.1,28.6,2233.3
22.1,45,20360,5.72,1.46,139.2,94,43.7,3473.3
26.5,44.3,31424,6.73,1.4,180.4,112,20.8,3022.3
29.9,67.5,42499,6.9,1.19,188.6,64.2,40.6,2293.2
21.8,50.4,13065,6.44,1.77,124.9,150,17.3,1819.8
26.1,50.2,13259,6.02,1.23,183.6,224.8,36.9,4097.9
28.1,79.9,22300,5.73,1.92,145.9,115.4,46.6,4198.9
29,47.5,43370,5.9,1.23,127.4,75.7,23,1855.2
26.6,45.9,14295,5.88,1.87,198.5,63.7,46,2046.6
21.4,43.9,37209,6.42,2.24,182.5,139.5,30.2,1956.6
21.9,63.2,46295,6.92,1.06,199.4,82.8,22.7,4538.3
18.2,65.1,30927,5.57,1.63,116.8,119.2,45.9,4096.5
27.1,54.6,44579,5.5,1.69,114.4,214,11.3,1298.3
18.5,61.4,19032,6.4,2.19,150.3,126.8,11.1,4330.7
28.4,71.5,37718,5.93,1.7,163.9,172,34,1147.4
19.4,72.7,22877,6.82,1.85,117.1,150.4,41.9,2012.8
20.1,78.3,36666,5.99,2.19,186,193.7,40.1,4676
23.7,73,16766,5.93,1.84,153.2,81.2,13.2,4457.3
26.9,62.6,32829,5.9,1.54,141.1,234.1,48,4125.7
19.7,47.2,30221,5.72,1.13,160.2,178.7,38.1,2830.2
23.3,44,35102,6.37,2.09,163.5,104.2,48,2285.7
23.8,42.2,44433,5.75,2.31,104.3,74.7,23.2,4526.2
20.5,66.7,25932,6.14,2.46,200,79.9,37.8,3628.3
19.4,72.3,35714,6.19,2.39,136.4,206.5,44.4,2182
28,60.3,49743,5.53,2.2,106.2,167.6,25.2,2852.8
24,42.2,12552,5.53,1.97,185.2,126.2,48.6,4526
18.2,61.4,24274,6.28,2.17,199.3,116.6,20.6,4613.8
27.6,77.4,39250,6.54,1.65,181.6,221.2,22.6,3637.2
29.8,63.9,12808,6.91,1.89,185.2,225,46.8,3930.2
25.3,72.4,25295,5.77,1.52,162.6,166.3,48.8,1157.2
24,72,24669,5.65,1.49,192.2,154.9,21.4,3418.4
28.5,77.3,20523,5.58,2.14,103.6,213.3,15.5,3756
29.4,70.8,23769,6.15,1.68,176.7,199.9,40.4,1081.5
27.1,69.9,35207,6.43,1.32,167.1,130.1,47.2,4375.4
23.3,49.4,45224,6.76,1.3,105,66.5,34,4713.1
25.1,42.4,35557,6.52,2.29,154.4,203.7,35.4,1951.7
26.4,60.7,48191,5.81,2.02,151.5,83.7,40.5,4383.2
20.3,45,24246,6.19,1.82,169.2,53.3,16.1,3662.1
23.4,78.5,22846,6.87,1.6,107.8,218.7,48.9,3322.8
28,51.6,47085,5.99,1.65,180.5,165.7,24.6,4372.5
25.9,74.1,23470,6.25,1.09,113.9,228.3,35.1,2142.4
22.9,55.5,23176,6.94,1.68,141.9,146.9,28.7,4163.4
26,52.9,23546,6.6,2.19,188.1,235.3,28.7,2258.1
19.4,77.4,16805,6.62,1.58,156.1,120.8,38.1,4149.8
22.8,54.5,26788,5.88,1.58,138,194.9,49.8,2804.2
27.5,55.6,39348,6.12,1.02,104.8,110.2,36.4,1467.8
20.6,44.2,18080,5.62,1.69,167.2,50.2,41.8,2526.1
20.2,66.8,45886,6.41,1.04,198.7,125.9,11.1,1934
29.4,51.6,33764,5.66,1.86,191.2,197.6,42.4,1402.1
20.5,63.4,16630,6.75,1.76,171.7,80,22,1441.1
21.1,63.7,43333,6.72,2.26,110.5,151,15.1,4120.3
29.6,68.8,25701,6.3,1.87,123.9,92.5,14.5,4525.6
26.8,69.8,24859,5.71,1.49,118.7,64.9,37.2,4708.5
26.4,60.6,31183,5.54,1.77,135.5,173.5,49.9,4415.8
28.2,53.2,41749,6.7,2.05,123.6,240.4,36.6,4320.9
19.4,73.5,41887,6.4,1.14,124.4,112.1,20.5,1275.3
26.5,52.4,18776,6.57,1.93,161.7,166.1,18.1,4160.5
24,60.3,25021,5.96,2.37,131.9,240.7,31,4133.1
27.9,56.1,14327,6.26,1.45,167.7,180.1,12.6,1525.2
24.1,74.2,17614,6.62,1.94,194.8,184.6,26,3648
25.4,57.3,11245,6.19,2.23,163.8,85.8,36.6,2810
23.7,55.4,20355,6.4,1.77,175.2,148.5,48.7,4600.1
23.7,67.6,43305,6.68,2.08,175.2,123.4,27,3781.6
27.2,64.1,39714,5.82,1.47,133.1,144.2,18,4804
25.5,44.3,27198,5.6,1.46,101.5,210.2,42.7,1419.7
25.6,60.3,11415,6.3,2,105.5,142.1,39.8,1162.4
23.4,69.4,11652,5.59,2.06,128.2,62.6,44.4,4894.3
24.4,79.7,30446,6.65,2.41,169,231.1,18.6,1320.8
26.9,65.2,28740,6.58,1.34,190.7,159,26.2,2544.8
27.9,54.8,13810,6.82,1.7,195.9,234.9,49.3,3599.9
26.4,49,26569,6.46,1.38,102.6,164.5,16.3,4520.2
29.1,74.9,44319,5.6,1.12,199,63.9,36.9,2018.3
27.8,72.6,23584,5.88,1.6,132.2,160.6,19.5,1116.2
24.7,49.4,36783,6.71,1.56,184.3,165.1,30,3085.1
26.1,48,43529,5.75,1.41,118,92.9,42,2884.4
29.1,68.6,22511,6.55,1.45,106.3,144.2,29.5,2227.6
25.4,52.6,19471,6.67,1.54,137.8,141.9,42.2,4495.6
27.9,52.3,16163,6,2.48,185.9,174.6,27.1,3997.3
26.3,46.1,26065,5.98,2.17,122.1,101.9,50,4432.5
24.6,50.6,27920,6.34,1.11,115.4,166.3,27.4,1647.2
20.9,57.1,48969,6.79,2.31,191,98.2,16,3769.6
23.1,69.3,29154,5.84,1.95,193.8,139.3,26.1,4900.4
29.6,53.5,30229,6.91,2.34,101.3,74.5,39.7,3447.7
25.9,53.1,36997,6.4,1.51,172.7,57.5,43.9,1685.5
24.8,51.4,31101,6.99,1.7,130.9,114.1,28.4,4983.1
29.2,59.1,20327,5.63,2.34,137.5,104.9,33.8,3113.3
25,47.2,17187,5.69,1.41,146.9,131.4,43.8,4360.2
24.3,59.4,39685,6.74,2.37,142.7,242.4,42.5,1597.4
27.1,68.2,44948,6.8,2.24,151.5,154.4,36.3,3664.4
26.6,41.2,44728,6.17,2.47,158.2,160.6,42.6,4650.5
20.3,40.4,47921,6.57,1.49,146.6,238.3,33,3128.1
23.7,43,17035,6.8,1.35,170.2,234.2,10.2,2154.6
23.7,61.4,21471,5.56,1.5,171.9,226.8,11.7,1509.7
22.5,74.2,38460,6.36,2.43,144,69.6,49.2,2183.8
24.2,40.2,31071,6.78,1.5,114.2,176.9,15.8,2419.5
23,77.5,10582,6.1,1.85,164.1,211.6,26.2,3839.8
20.4,44.3,36189,5.95,1.61,177.3,217.1,47.4,1714.5
22.9,73.7,25531,6.69,1.59,163.8,165.6,17.8,1424.4
18.9,59.3,26672,6,1.29,158.8,53.5,43.8,2547.8
24.9,66.4,30243,5.5,1.81,122.9,244.7,42.7,2834.6
28.2,60.4,13060,6.94,2.27,164.5,144.4,49.5,3513.5
26.7,59.1,23731,6.39,1.07,133.5,128.7,21.3,3830.1
22.3,73.4,22294,6.73,2.33,192,129,22.6,4557.1
19,70.2,30719,6.74,2,165.4,134.8,46.1,2155.8
20.4,59.3,36325,5.6,1.93,127.8,98.4,19.4,3114.4
24.5,44.5,32597,5.76,1.94,147.3,115.5,31.9,2464.2
20.5,44.6,11903,5.97,1.44,184.7,247.1,38.3,1005.7
24.5,72.1,24551,5.98,1.62,133.5,123.6,20.9,3317.7
20.8,61.2,37751,6.49,2.2,152.5,155.3,47.5,4263.2
28.2,59.3,34278,6.43,1.46,168,219.7,36.6,1145.8
22.8,67.2,35653,6.24,1.71,175.5,155.5,11.9,1014
20.9,74.4,25141,5.82,1.03,117.4,114.9,15.4,3911.3
27.7,65.2,12377,6.07,2.1,156.5,154.8,17.6,3735.4
22.1,70.5,43615,6.32,1.63,191.2,72.8,19.8,2623.4
19.3,70.6,37452,6.2,1.79,196.8,76,39.2,3646.4
24.8,54.3,32725,5.69,1.17,165.6,188.8,13.6,4813.5
25,51,19524,6.47,2.49,198.4,233.5,24,1991.5
26.6,72,21698,5.61,1.45,157.1,195.1,46.5,1983.7
20.9,55.1,31175,6.07,1.95,144.3,64.9,32.3,1744.9
23.3,76.1,22314,6.57,1.87,155.2,130.6,20.6,3895.9
21.4,42.8,12365,5.53,2.18,111.6,50.5,48.3,2412.8
19,42.3,42017,6.35,1.44,140.2,152.2,19.8,4954.8
28.5,77.1,42126,6,2.13,145.8,88.6,46.2,3858.6
26.7,65.9,47823,5.51,1.57,184.9,223.6,39,2469.5
21.6,55.2,15622,5.79,1.62,175.9,70.9,39.6,1596.7
25.2,70.2,40540,6.91,2.01,160.1,50.3,40.6,3368.1
20.4,66.9,11949,6.28,2.18,134.7,140.2,30.3,2179.6
28.7,61.2,41912,7,2,118.7,81.1,42.6,4622
19.4,44,42161,6.29,2.35,134.8,197.6,43.4,2765.6
18,72.5,26508,6.32,1.43,168,234,24.4,2170.6
24,74.6,11919,6.09,2.35,126.3,58.4,26,3354.2
25,46.9,19617,5.97,1.2,142.7,129.1,45.6,1547.9
24.9,74,19732,5.88,1.99,138.7,249.4,31,3246.2
18.7,75.1,43298,6.02,1.82,176.6,196.5,44.7,1224.4
21.8,62,16929,6.19,1.74,188.4,240.6,35.1,3427.6
24,66.2,47117,5.79,1.47,169.9,82.8,33.7,3120.7
20.6,55.3,24456,5.84,1.76,134.2,94.3,11.2,3083.1
28.5,51.3,31140,5.91,1.24,143.3,81,21.1,3736.7
19,68.9,28185,6.17,1.55,114.3,110.5,30.1,1177.8
23.8,74.5,47924,6.48,1.15,116.8,194.9,33.5,2838.9
26.3,66.2,34240,6.78,1.86,116.4,83,35.2,2776.2
21.1,60.5,31845,5.93,1.14,113.1,154.8,38.6,2839.1
25.5,46.4,19228,5.78,1.24,118,103.8,36.2,4919.6
28,42.1,31686,6.07,1.13,120.3,215.8,43.9,1557.1
20.3,57.8,21920,6.84,1.57,111.2,51.3,21.8,3761.7
29,42,17432,5.51,2.26,164,94.6,35.7,2608
24.6,62.8,16189,6.52,2.36,199,171,12,3046.9
21.6,55.3,38039,6.22,1.11,187.9,69.3,29.2,4049.6
23.2,70.3,43910,5.74,1.95,104.6,143.3,20.7,1629.5
21.7,52.2,40226,5.98,2.03,142.3,137.2,25.2,4054.3
26.7,63.7,17614,5.84,1.8,185.9,220.5,24.2,1281.3
27.6,61.5,31224,6.82,2,113.5,175.1,12.4,2933.2
28,40.2,28013,6.22,1.35,184.8,177.9,28.7,3968.3
29.8,42.9,31446,6.34,1.73,159.3,240.4,49.8,1770.2
27.5,51.6,49673,6.39,1.59,193.1,246.5,22,4083.7
25.2,75.3,47657,6.46,1.13,187.6,180.7,39.4,1667.3
22.1,45.9,14839,6.24,1.94,167.7,154.4,31.9,4197
24.5,68.4,46725,5.53,1.74,165.8,171.6,23,2875.7
18.5,78.9,40203,6,1.41,121.3,126.5,13.6,3738.6
26.9,71.6,10557,5.78,1.71,111.7,247.5,18.6,4669.6
23.4,49.7,40666,6.52,2.16,141.5,191,41.3,2633.7
18.2,76.3,47389,5.59,2.2,118.7,108.2,21.2,1931.8
18.8,43.7,43607,6.35,1.97,110.2,61.6,15.8,4468.7
22.6,58.7,34578,5.82,1.7,130.2,58.9,23.3,1646.5
25,75.5,19243,6.92,1.86,186,91,33.4,3525.9
23.6,65.7,19596,6,1.58,101.7,96.6,38.1,4693
25.4,56.5,16998,5.99,1.19,129.3,133,25.5,3697.6
23.8,51.7,20129,6.89,1.58,142.4,93,29.9,1782.7
25.9,55,10510,6.13,1.8,151.1,176.2,28.2,1609.1
20.6,60.4,21596,6.94,1.9,118.2,92.3,10.4,2009.2
19.4,52.8,22974,5.54,2.4,196.4,87.6,25.8,2565.6
25.2,78.8,11137,5.96,2.17,157.9,144.2,33.5,1636.6
23.8,77.3,37897,6.5,1.23,152.2,227.7,32.8,4191.3
18.3,74.8,14666,6.84,1.26,100.9,143.7,40,2428.1
22.6,56.9,18906,5.88,1.15,148.6,132.8,36.8,4744.3
19.3,67.7,31818,6.9,2.11,183.8,165.6,21.1,4370
24.4,76.1,12654,6.39,2.06,122,101.4,20.2,4635.3
22.7,74,43758,6.7,2.48,135.1,120.7,28.6,2178
25.4,56.6,34204,6.1,1.78,102.1,92.8,39.3,3294.9
27.7,44.5,44928,5.82,2.24,197.7,164.4,13.8,2285.8
21.6,43,40552,6.87,1.86,106.7,189.5,47.9,2027.8
29.5,63.1,20336,6.9,2.31,189.8,184.7,31.7,3428.3
24.4,65.7,26206,6.25,2.08,131.3,101,22.3,4272
25.4,74,44831,5.51,1.96,158.8,205.9,37.7,1374.4
26.2,51.7,28361,5.66,1.85,167.9,101.2,11.8,2103.1
26,46.7,18933,6.36,2.08,114.1,80.1,29.4,1820.5
24.1,55.2,35816,5.54,1.63,144.4,120,29.4,4193.4
23.1,54.1,25619,6.1,1.14,132.5,169.5,16.5,4733.5
18.6,45.3,47687,5.96,1.06,105.7,78.4,43.5,1319.8
18.3,66.9,36943,6.57,1.72,183.3,179.6,41.9,2516.9
22.3,60.3,36819,5.58,1.9,104.5,222.6,16.1,4658
22,68.8,21741,6.23,1.12,165.3,108.6,24.6,2378.6
22.7,54.1,18798,6.37,1.43,131.4,140,14,3850.6
19.7,53,35143,6.43,1.48,119.2,95.7,43.9,1402.7
26.9,58.9,42747,6.11,1.84,166.7,122.3,22.9,2777.6
28.3,75.1,43651,5.96,1.42,157.5,54.4,27.6,3013.2
29.3,41.6,31182,6.52,1.14,131.5,240.8,23,4030.7
23.9,72.2,19415,6.77,1.25,151.3,133.2,22.4,2155.3
26.4,54.8,21085,6.54,1.26,124.6,207.8,39.9,2056.8
28.3,74.2,25008,6.9,2.26,186.4,78.5,39.9,2211.9
23,72.1,32102,6.58,1.43,131.4,212.5,30.7,3222.8
21.7,54,28452,6.65,2.07,124.5,222,36.3,4504
29.2,67.8,18120,5.75,1.85,175.2,193.1,30.5,4323.8
24.2,46.4,17820,6.13,2.47,101.8,230.6,11.1,1231.8
24,75.9,28170,6.23,1.41,126.8,83.4,12.6,4515.8
20.1,56.2,26259,5.88,1.24,137.5,145.3,25.3,1380.4
19.3,58.2,32099,6.29,1.08,188.2,174,40,2661.4
28.1,68.2,19649,5.94,1.36,195,169.2,46.5,4061.6
25.4,72.8,40255,6.53,2.03,171.6,222.2,11.2,1326
21.9,49.5,21805,6.21,1.13,149.3,93.1,24.7,1161.6
20.3,66.5,18744,6.19,1.37,164.1,85.1,19,2320
24.7,55.7,42305,6.98,2.28,141.4,100.7,42.6,3919.7
25,54.7,35857,6.09,1.87,129.9,228.3,43.8,3087
20.5,67.6,20679,6.04,1.1,195.1,238.2,18.3,2668
28.2,55.5,39829,5.98,1.07,111.5,163.9,38.4,4252.3
19,53.8,20985,6.84,1.09,134.6,150.3,39.3,4066.8
22.3,73.4,38287,6.25,2.41,189.9,171.1,17.1,4144.2
26.2,44.1,22391,6.4,2.27,172.3,173.3,27.3,2838.9
21.3,67,14861,5.77,2.27,102.9,84.1,34.8,1077.8
27.9,49.9,44364,6.31,2.39,102.3,187.3,11,1688.5
26.9,40.6,26863,5.91,1.76,151.7,140.5,26.2,3965.2
27.5,46.7,41499,6.6,1.37,148.4,153.5,16.2,4012.7
19.4,64.3,37794,6.75,1.6,144.3,56.1,31.7,4889.2
19.7,68.4,17919,6.57,2.08,130.2,202.9,43.7,1760.7
21.4,40.8,30282,6.6,2.31,198.7,217.1,31,1491.7
24.2,41.5,44840,6.27,1.65,127.2,173.9,11.4,1555.2
27,76.1,15624,6.57,1.8,149,199.7,11.2,1739.2
28,42.9,43706,6.13,2.4,140.5,154.5,34.2,3113.9
26.5,75.8,18176,6.48,1.16,117,173.7,23.1,4900.8
29.1,49.1,43529,5.89,2.29,120.3,128.9,32.9,3357.7
26.9,69.6,22941,5.6,1.24,191.8,208.4,16.5,3090.8
21.7,52.4,11669,6.12,1.73,185.8,143.7,41.1,3693.4
21.2,74.4,49896,6.19,1.33,119.9,186,44.4,1295.7
26.4,68,30246,5.88,1.9,187.6,174.3,45.6,4261.4
20.3,56.1,30323,6.59,1.84,120.9,190.5,22.2,3587.5
19.1,43.1,43894,5.61,1.57,162.7,207,36.4,1684.8
24.4,69.3,16021,5.83,2.29,108.1,152.5,21.2,3522.9
27.9,64.7,49205,6.62,1.99,188,212.6,40.5,3384.8
19.2,40.1,49807,6.16,2.08,105.2,149.5,14.8,1259.4
27.5,40.4,46903,6.56,1.23,155.5,241.3,40.5,2067.7
27.7,72.4,18711,6.35,2.32,178,200.5,27.6,2563.8
23.8,50.4,17904,6.93,1.25,111.7,84.2,44.2,1979.6
18.7,65.4,45051,6.4,1.33,140.4,215.9,39.6,1972.6
20.1,58.2,30942,5.52,1.19,104.2,160.3,25.1,3291.8
26.5,74.5,34251,6.03,1.66,168.3,246.9,46.1,2883.4
26.5,76.7,35058,5.71,2.33,130.7,193.8,21.3,3669.2
28.8,79.9,45245,6.89,1.38,155.9,66.9,48.7,4825.6
25,46.1,13093,5.66,1.56,193.3,129,40.7,3642.2
19.5,74.5,34918,6.08,2.27,130.6,153.5,49.6,3328.4
19.5,50.6,17207,5.84,1.93,104.9,217.8,12.2,4390.2
26.7,63.6,19394,6.77,2.13,167.6,195.9,21,3528.3
20.2,60.2,36974,5.96,1.32,178.7,123.9,39.7,1662.2
21.9,40.7,38172,6.99,2.07,195.8,180.7,46.9,2259
23.8,77.3,42283,5.56,1.34,115.8,165.4,11.2,3933.4
18.3,43.1,48995,5.69,2.48,139.2,75.2,10,3953.5
21,67.5,23280,5.84,1.84,184.4,97,20.2,4948
22.9,71.4,46303,6.72,2.04,180.7,118.2,44.1,3507.9
21.4,71.8,37453,6.82,1.18,162.5,89.1,40.7,4598.2
19.6,45.4,12913,5.61,1.38,126.9,80,23.6,1218.3
26.7,57.9,35765,5.55,1.21,128.4,61.6,10.1,3264.9
27.8,73.2,12340,6.62,1.59,112.4,224.6,32.2,4679.4
21.1,52.1,36179,5.7,1.43,192.2,107.8,19.5,2149
27.3,58.7,37873,5.7,2.1,117.3,108.1,39.8,1619.5
22.6,50.9,48057,5.53,1.16,157.3,91.2,27.9,2402
24.1,58.5,10597,5.57,2.13,158.4,145.1,37.1,4168.9
28.3,75.5,39119,5.9,1.07,137,152.8,44.1,1338.8
27,58.2,25025,5.6,1.3,135.3,91.7,31.4,3401.4
27.7,62.2,17145,6.05,2.19,166.9,171.7,23.4,1542.5
19.6,56.2,45670,6.75,2.11,138.8,194.6,40.8,2742.1
18.8,58.4,17694,5.99,1.71,125.5,124.8,20.6,4863.9
28.7,40.6,14830,6.59,1.07,139.9,167.1,45.7,1780.6
22.7,51.3,33930,5.64,1.91,180.8,150.5,12.9,1136.1
21.5,57.5,33752,6.49,1.61,196.6,89.1,43.4,2708.8
26.7,65.4,20489,5.98,1.47,163.6,196,13.7,3310.8
28,58,42692,6.62,1.96,178.2,210.3,12.2,2190.1
28.3,53.5,25768,5.7,1.65,153.3,179.8,24.5,3167.1
21.8,55.5,12160,6.85,1.14,162.5,114.8,48.3,4813.6
28.2,49.7,30133,5.86,2.37,198.8,235.4,49.3,2247.1
18.5,77,45690,6.03,2.17,143.8,141.1,18.1,2237.7
18.6,60.9,32870,6.93,1.08,106.6,103.2,15.9,2931.1
25.5,40.5,34496,6.37,1.79,195.7,131.6,24.1,3061.3
18.8,40.8,46572,6.05,1.13,179.3,188.4,23.5,1005.5
21.9,78.9,12368,6.92,2.26,139.8,219.2,40.4,3463.5
26.1,48.9,46700,5.99,1.92,198.2,121.3,27.8,4989.4
22,72.2,39203,5.64,1.26,134.6,96.5,41.2,2168
20.2,42.3,21552,7,1.03,137.2,175.3,39.9,3523.2
21.4,76.8,15608,5.9,1.05,161,234.2,33.1,1018.5
23.5,75,32485,6.78,1.76,127.4,86.7,43.3,3417.3
23.7,62.8,19862,5.75,2.1,169.9,210.6,17.8,2788.3
27.4,40.4,48299,6.6,1.18,115.3,145.3,16.5,3121.2
27,50.3,20412,6.29,1.33,110.8,209.9,40,3175.6
23.5,56.3,31354,6.97,1.49,153.5,151.1,19.8,1707.8
28.1,58.4,16344,6.33,1.33,155.5,125.5,10.1,4079.9
19.4,51.9,27993,5.54,1.59,110.7,189.3,46.5,3221.9
21.1,41.3,38682,6.41,1.84,196.4,230.1,34.9,2080.8
27.9,63.6,38415,5.72,2.03,157.3,114.1,27.8,4749.5
22.5,61,29323,6.7,2.45,115.1,142.1,39,1051.1
29.8,51.3,27997,6.78,2.4,131.1,95.9,23.3,3903.7
23.6,41.5,13679,6.22,1.86,180,86.7,48.1,2524.9
27.5,79.8,39489,6.67,2.1,152.3,205.6,12.7,3090.2
22.8,59.3,19488,5.72,2.43,118.8,90.1,35.6,2166
23.1,70.2,49842,6.24,1.13,110.3,208.7,41.1,2285
22.6,58.1,13996,6.09,1.01,143.1,135.8,28.8,1060.7
26.6,41.7,15695,6.42,1.04,133.7,249,40.2,3919.4
24.6,52.4,40204,5.57,1.85,165.6,89.5,47.1,3843.2
29.3,52.8,33382,6.63,2.14,192.5,68.6,39.8,3617.4
21,73.5,24235,5.62,1.55,124.8,65.1,22.4,4511.8
19.2,66.2,12366,6.48,1.82,185.5,217.1,32.5,4605.1
22.7,51,37467,5.53,1.77,192,137.6,46.5,3225.8
25.4,78.7,16764,6.75,1.14,190.2,50.6,28,3739.3
28.3,52.9,35360,5.76,1.48,195.2,225,37.3,1044
22.2,79.9,41923,6.27,1.03,184.2,225.4,28.6,4385.4
25.8,79.8,40175,5.89,1.17,159.3,211.3,14.9,4265.7
22.2,47.6,26292,6.58,2.22,141,99.7,12.3,1081
25.4,52.5,11614,5.98,2.24,149.2,124.6,48.1,3171.3
28.6,59.4,30939,6.59,2.2,187.3,199,34.5,4626.6
20.8,66.6,28800,5.93,2.09,130.1,147.9,14.2,1725.6
22.9,61.1,33246,6.63,2.19,115.9,80.8,44.3,2410.6
29.9,78.8,41688,5.55,2.01,114.1,98.6,30.9,2324.2
28.4,69,37962,5.92,2,182.7,244.5,40.9,2423.8
24.8,48.5,39764,6.25,2,176.1,80.2,15.1,1167.5
24.2,44.2,42470,5.57,1.77,149.8,195.2,46.3,2116.1
21.4,67.5,48501,5.78,1.55,127.5,145.6,33.6,2179.4
24.2,46.3,13216,6.9,2.1,167.8,199.7,39.5,4463.5
28.2,71.5,32072,6.97,1.45,103.8,182.2,11.3,2408.5
26.2,52.4,38242,6.61,1.81,156.8,137.8,22.6,2788.9
21.5,53.1,47132,5.88,1.65,139.8,120.8,20.7,2523
20.4,40.4,27861,5.89,1.41,197.8,200.9,48,1482.7
21.2,68,14960,6.47,2.46,150.8,114.6,17.4,4961.4
20,44.5,28781,5.68,1.39,155.2,207.6,38.3,4303.3
19.1,70.9,41126,6.92,1.46,171.2,186,11.7,3163.7
23,59.7,32578,5.84,1.24,148.5,165.5,17.9,2905.5
19.4,71.4,27883,7,2.23,122.5,123.8,23.5,3597
20.1,63.4,39782,6.24,1.88,153.7,91,41.8,2305.7
24.6,43.3,26979,6.66,1.92,194.4,192.1,41.6,1201.1
20,70.6,43746,5.5,2.23,141,68.3,48.1,2617.3
18.8,42.8,10730,6.83,1.51,168,244.1,46.7,4935.9
21.8,59.1,10056,5.91,1.29,197.8,245.7,13.3,1729.4
20.6,46.9,41457,6.5,1.3,183,76,43.2,3110.8
24.2,70.1,12243,6.71,2.1,165.9,70.8,28,1034.1
19.2,76.5,11701,5.75,1.92,173.6,132.5,44.6,1488.1
27,62.2,18303,6.16,1.31,193.6,242.7,13.6,3348.8
28.9,61.1,25100,6.24,1.22,196,130.1,42.9,2189.7
26.9,70.6,10947,5.97,1.18,196.9,122.8,16.4,4622.7
24.4,40.2,30505,6.22,1.94,162.6,190.7,23.4,2624.7
28.3,76.7,16553,5.98,1,138.5,85.7,11.2,1832.1
26.3,47.9,43525,6.04,1.03,113.3,122.7,14.9,3182.4
18.1,79.4,24866,6.5,1.58,138.6,108.3,27.8,4179.9
22.7,69.5,40472,6.45,2.04,194.3,170.3,42.7,1077.7
28.2,71,15651,5.85,2.04,189,82.6,40.9,3022.1
22.2,66.2,17273,6.85,1.65,152.4,159.7,19.4,4093.7
18.4,58.9,20033,6.79,2.04,153.7,221.5,16.1,1414.4
27,62.9,13535,6.26,1.78,130.9,152.8,25.6,4611.2
27.6,41.9,28677,6.15,2.47,145.5,186.7,45.3,2058.1
19.9,65,27488,6.07,1.24,171.4,65,13.7,1682.4
24.4,65,10908,6.56,1.9,140.2,139.8,31.7,3357
20.3,75.6,14617,6.51,1.74,118.8,69,13.6,1700.1
26.6,60.2,40431,5.79,1.29,154.1,169.9,28.8,3718.8
21.3,43.1,33453,6.51,2.12,122.5,106.2,15.1,2960.4
21.8,52.2,45079,5.88,1.41,197.4,107.5,13.2,1439.8
28.1,66.2,26020,5.53,1.57,139,65.4,17.6,4650
23.7,49.6,36562,6.55,1.56,191,112,20.2,3692.8
26,51.2,34373,6.47,1.37,122.6,151.3,21.1,3184
22.8,72.8,40164,6.12,1.65,118.9,166.9,35.8,2497.4
21.6,63.4,11885,6.29,1.71,161.7,63.3,12.2,1539.4
25.5,60.3,11049,6.92,2.12,177.9,180.3,13.2,3830.1
19.9,52.7,11161,6.39,2.15,156.7,147.8,17.5,4254.6
22.5,69.2,10815,6.49,1.24,123,157.4,44.9,1503.3
20.5,51.5,46534,5.6,1.89,103.8,216.6,35.1,2978.3
26.3,69.5,37498,5.75,2.34,161.8,118.4,39.2,2939.4
29.3,42.8,35037,5.95,1.16,113.1,84.8,24.8,2399.6
29.9,74.6,46007,6.31,1.71,134.3,160.4,18.5,4157.4
23.4,60,23942,6.66,2.13,167.6,239,11.5,1398.1
21,57.5,37278,5.98,1.92,109.8,153.6,29.5,1820.1
23.3,64.4,18272,6.03,1.15,112.7,216.4,33,1006.4
28.2,65,43637,5.88,1.59,106.2,201.4,45.9,2491.9
20.5,45.3,48294,5.88,1.76,199.6,153.7,45.3,2164.7
29.4,70.2,17741,6.92,2.49,138.7,179.5,27,4468
22.1,51,14694,6.45,1.27,190.6,131.3,26.9,3983.2
29.8,76.2,40306,5.73,2.47,129.4,156.1,16.4,1337.9
28.1,72.7,11934,6.58,1.56,175.3,151.5,20.3,3963.8
27.7,53.9,31556,6.58,1.3,121.9,191.8,47,3701.6
21.8,72.3,28907,6.5,1.62,149.8,132,15.6,2126.9
18.1,54.3,16159,5.7,1.92,182.5,70,48.7,1061.8
22.6,44,39158,6.11,1.32,181.6,207.7,30.2,1460.6
21.6,78.5,30293,5.66,1.44,179.4,187,28.3,1999.8
18.4,66.1,43932,6.72,2.28,182.4,240,17,4266.5
24.1,58.2,43387,6.48,2.5,121.1,135.7,36.5,2861.3
22.8,55.9,13066,6.26,1.48,148.2,65.6,28.4,4673.6
25.6,53,31256,6.01,1.22,148.5,74.3,24.8,4156.6
25.5,79.3,45105,5.78,2.19,189.1,204.7,20.6,2148.4
19.4,45.4,15594,5.66,1.9,129.7,63.6,12.7,4381.4
29.7,52.6,12460,6.95,1.15,193.1,231.6,30.8,1466.9
20.2,59.4,16820,5.8,2.42,145.1,106.3,22.5,1144.5
23.3,59.1,46210,5.59,1.12,167,229.8,38.3,3434.2
23.9,58.9,26191,6.94,1.94,126.9,204.7,38.9,2367
27.8,47,29095,6.32,1.64,141,224.2,23.3,2317.7
19.2,45.8,20529,6.69,1.83,171,92.8,36.8,3748.8
23.1,50.2,42175,5.57,1.32,151.3,169.1,20.3,4400.4
25.5,76.6,27675,6.35,2.03,193.1,68.7,39.1,2288.7
20.6,44.5,15374,6.1,2.44,173.7,90.5,10.6,2300.1
25.5,70.3,35976,6.66,1.69,156.4,112,16.1,3135.4
29.1,70.3,23142,5.56,1.78,188.7,198.2,19.8,3612.7
30,72.4,22204,6.1,1.36,166.6,54.9,40.9,1811.6
18.4,75.5,17394,6.7,2.34,164.7,230.6,12.7,4650.7
20.8,50.5,43593,6.28,2.46,124.6,64.2,17.5,3617.7
21.7,49,21652,6.33,2.18,139.5,125.3,24.3,3500.6
22.8,58.6,43740,5.65,1.81,168.3,66.2,10.4,4616.8
20.9,50.6,10443,5.7,2.44,189.2,203.8,40.5,4629.1
20.4,69.4,33903,6.52,1.23,131.6,78.3,32.4,1542.2
29.5,65.4,43522,6.51,1.72,121.5,227,46,1580.3
29,75,38180,6.97,1.81,159.4,156,11.2,4047.8
18.6,43.3,31119,6.57,1.74,106.7,239.7,20.9,4827.5
22.1,76.6,20363,6.24,2.2,171.5,108.1,39.3,3666.1
22.9,51.7,48164,6.79,2.01,170.3,140.9,37,2645.3
20.9,59.6,41541,5.66,1.19,135.5,188.8,19.7,3733.9
25.5,57.5,13465,6.17,1.52,189.3,216.4,33.8,1915.2
25.7,70.4,12711,5.93,1.51,150.2,134.3,41.8,4991.9
28.2,56.8,35198,5.66,1.85,164.6,228.5,11.3,2724.3
26.9,77.7,32488,6.65,1.44,121,73.6,38.7,4726.7
24.5,76.1,48515,6.27,1.18,141.7,191.7,20.1,2723.2
25.8,74.9,33608,6.34,1.98,186.2,119.6,47.9,4712.6
21.3,42.9,37898,6.12,2.28,121.3,70.3,31.5,2342.7
25.1,74.2,11919,6.19,2.4,139.1,127.3,11.3,4042.2
23.9,71.3,41171,5.67,2.46,131.8,226,26.1,4804
19.6,44.1,30599,6.51,2.17,115.1,246.1,48.7,3583.9
20.9,44.3,26965,6.15,1.21,129,128.6,39.2,3710.3
21.5,44,24434,6.73,2.28,123.3,227.3,22,1411.5
29.1,40.5,46649,5.79,1.6,192.4,151.9,33,2896.9
20.8,61.9,11999,5.81,2.09,174.1,193.4,34,4547
21.5,78.9,24849,6.47,1.8,131.6,59.1,10.9,1963.6
22.4,57.5,20903,6.77,2.24,176.3,161.5,17.2,4153.5
26,61.6,15445,6.21,1.64,102.2,64,32.1,3702.8
19.4,78.7,45396,6.59,1.09,152.7,103.7,26.1,1891.9
29.4,50.2,28040,7,1.84,125,163.4,17.6,2131.2
28.4,74.3,10246,6.99,1.26,111.4,211.4,40.9,2710.2
24.9,61.9,41153,6.62,2.45,188.4,162.2,29.6,1500.5
26.1,62.8,15212,6.61,1.79,119.9,237.2,22.4,4653.5
18.2,53.7,13339,5.87,1.83,182.2,212.1,16.5,3957.4
22.1,62.5,33142,6.75,2.36,141.3,81.2,34.4,2459.9
27.5,42.9,29394,6.11,1.94,101.4,127.8,36.7,2198.7
18.9,70.6,45136,6.94,1.45,173.3,183.7,36.8,3758.3
21.4,51.4,22186,5.62,1.44,159.6,237.7,18.8,2696.9
25,75.5,44607,6.15,1.75,134.4,247.5,33.8,1917.3
21.1,54.7,48973,6.33,2.3,128.2,202.6,46.2,2720.6
29.2,45.7,14395,6.11,2.19,107.4,164.8,24.1,4485.2
19.6,67.8,25290,5.82,2.44,194.1,201.3,18.4,1274.4
27.6,46.6,32151,6.39,1.11,149.4,104.6,40.9,2473.4
24.1,70.1,13691,6.63,1.4,108.6,106.7,17.1,4849.4
27,78.7,17470,6.47,1.12,186.9,180.9,20.1,1059.3
21.7,71.2,13841,5.85,2.13,127.9,224.4,14,4562.6
24.2,40.9,47116,6.6,1.21,120.4,244,20.7,2499.3
28.3,64,27776,5.89,1.15,128.1,118.3,26.4,1758.1
23.6,67.8,16060,5.76,1.84,156.5,209.3,12.6,1059.9
22.3,73,37584,6.54,1.62,107.4,220.3,44.9,1282.1
24.4,42.2,14300,6.76,2.07,148.2,174.6,30.5,1687.4
26.6,59.2,13338,6.22,1.73,189.6,119.5,33.5,1101.6
23.3,61.4,15487,6.3,1.64,118.8,173.8,24.9,2343.4
29.3,46.8,46282,5.95,1.64,133.1,166.9,36.8,1179.6
21.5,52.9,39529,6.24,2.31,139.6,171.3,27.3,3768.9
23.7,57.6,40262,5.7,1.59,158.6,173.9,40.5,4275.6
27.1,73.3,21280,6.93,1.5,191.9,219.4,42.9,4549.9
26.3,77.2,38804,6.7,1.51,139.5,84,36.9,3196.5
28.4,65.1,19915,6.5,1.29,106.9,123.5,29.7,4786
30,55.8,21158,6.31,2.29,134.8,167.2,41.3,1022.6
23.1,50.2,18621,6.69,1.22,119,106.7,29.8,1536.1
19.3,79.3,20547,6.24,2.36,165.2,245.6,14.5,2172.7
18.4,79.3,33177,5.95,1.43,102.9,102.6,14.7,4156.1
26.7,77,12459,5.74,2.35,129.2,143.9,47.9,4541.6
28.5,71.4,38768,6.47,2.19,154.5,225.5,18.5,3472.5
20.6,53,48041,6.89,1.87,127.7,66,42.6,2532.9
19.9,72.7,48191,5.73,2,155.1,214.1,19.9,3663.4
18.7,56.4,27434,5.77,1.49,111.5,164.2,27.2,1723.6
27.9,53.1,48247,6.15,1.86,194.3,56.4,36.2,2831.5
21.7,69.8,25419,6.71,1.44,129.1,230.6,16.4,3030.2
22.8,43.2,45017,5.94,1.6,192.3,57.8,39.5,1419.5
24,41.9,45577,5.88,2.15,132.6,153,37.6,1135.5
28.1,57.9,12921,6.43,1.37,178.2,59.8,31.7,4000.4
25.8,57.8,14676,6.3,2.26,124.6,64.2,32.6,3138.8
25.4,75.8,30425,5.59,1.56,167,227.4,14.2,2329
20.1,45,45185,5.62,1.8,132.4,203.2,27.4,2748.9
24.2,44.9,23463,6.46,2.41,150.9,89.4,13.5,4830.8
26.6,45.9,35474,6.2,2.02,167.4,174.1,22.3,2539.7
29.7,41.2,11469,6.96,1.97,158.9,208.9,46,1413.9
20.4,42.9,17292,6.52,2.07,157.6,227.9,33,2854.4
18.1,66.4,35409,5.52,2.38,106.6,143.7,39.7,3592.2
18.9,57.3,33526,6.22,1.37,124.9,229.5,33,1048.5
22.5,70.5,33465,6.12,1.92,157.2,151.6,17.8,2329.4
27.8,79.7,40955,5.66,1.6,101.8,187.6,33.8,2574.1
18.1,66.4,36785,6.88,1.02,125.1,245.8,40.2,2854.9
23.5,42,31033,6.71,1.19,122.9,97.2,15.5,2206.7
22,44.2,16931,5.85,1.49,125,83.7,42.7,3667.7
18.6,75.2,11091,5.88,1.85,153.6,118.4,32.2,4778.8
23.4,61.1,35772,5.55,2.32,158.2,82.9,10.2,4656
21.1,73,26363,5.95,2.19,190.9,106.8,30.8,3657.6
22.2,74.3,38490,6.38,1.83,138.6,198.6,25.8,3027.5
26.5,77.1,10260,6.13,1.11,192.7,145.5,21.9,4303.3
24.3,78,20456,6.95,1.43,165.2,125,40.9,4343.7
19.5,62.2,32320,5.58,1.55,191.3,123.7,46,4318.3
29.5,53.6,23435,6.39,1.93,183.3,88.9,40.5,1631.4
25.6,78.5,37025,6.79,1.1,168.8,139.5,43.9,1101.7
27.2,61.9,38109,6.22,1.8,135.6,174.9,46.4,4932.8
19,42.6,30754,5.5,2.35,124.1,77.8,46.5,4838.6
18.6,65.7,14301,5.86,2.06,122.2,244.6,14.6,3257.5
18.2,63.5,17207,5.99,2.2,195.2,138.7,28.3,4972.3
20.3,75.8,37920,6.95,2.02,195.9,239.6,10,4082.2
23,66.1,32203,6.87,1.31,172.5,76.9,30.3,3069.5
29.2,54,31545,6.92,1.17,188.4,203.4,47,2557.3
23.5,78.6,34016,6.74,2.24,191.9,173.5,18,3371.5
21.5,72.1,41098,6.03,2.04,151.2,214,35.6,3063.2
24.7,65.2,18556,6.86,1.86,162.9,170.1,35.8,4975.2
19.3,51.7,30102,6.97,1.28,141.9,242.6,16.4,2961.8
25.3,54.9,48893,6.03,1.91,141.8,175.4,19.5,4343.7
24.8,66.8,11924,5.89,1.05,103.8,206.9,28.5,4254.5
27.5,42.9,29479,6.32,1.18,143.4,225.5,17.5,1285.6
29.8,50.3,49451,5.78,1.47,167.3,192.9,33.4,1348
21,68.6,28922,5.55,1.67,142.2,154.8,29.4,3639.2
24.1,59.2,28660,6.92,1.18,187.2,104.6,30.8,2036.4
28.9,56.1,19945,6.89,1.18,133.3,220.9,15.4,3630.1
27.4,46.1,10306,5.74,2.09,113.3,146.1,30.7,1578.5
23.8,57.7,32959,6.11,1.85,181.2,174.1,12,2588.3
29.3,70.8,14231,6.75,1.8,167.4,65.8,45.3,1409.9
18.7,50.6,48796,6.49,1.68,124.2,149.5,23.7,2128.4
29.2,40.2,22207,6.09,2.46,153.6,189.6,44.3,1353.2
18.6,66.7,49426,6.62,1.07,140.2,166.8,38.1,4882.3
24.6,78.9,16336,6.85,1.27,193.9,139.7,40.6,2580.2
28.7,64.3,19630,6.89,1.97,160.7,94.7,22.6,4604.8
21.2,44.8,27256,6.07,1.2,115.8,111.9,19.1,4884.7
23.7,52.8,43909,5.76,1.88,150.2,190.1,26.3,4638.3
21.9,74.7,43719,6.87,1.85,186.3,94.8,11,2819.8
29.4,49.3,40013,5.64,2.46,167.1,174.3,46.8,4115.6
27.9,64.3,24455,6.58,2.33,184.2,167.9,25.5,1614.8
26.5,56.1,14722,5.71,2.42,125,244.1,49.5,1379.3
25.1,48.3,22812,6.08,1.17,188.8,62.2,40.5,4507.6
27.8,72.5,40276,6.12,2.3,175.6,71.6,13.2,1124.5
22.7,69.7,46776,5.74,1.19,172.9,151.2,36.4,4889.3
23.4,66.5,20060,6.88,1.95,134.7,155.4,20.8,3688.5
26.8,49.5,23056,5.5,2.08,188.8,58,19.7,2678.5
22.3,43.9,16655,6.84,1.24,163.8,215.2,20.3,1565.5
18.8,63,32574,6.83,1.95,185.2,148.9,46.6,3892.9
18.9,62.1,23027,5.98,1.08,136.1,119.3,30,3252.4
19.4,47.5,14030,6.56,1.44,114.6,113.8,36.8,3844.5
28.4,42.2,34243,5.88,2.38,133.2,222.3,21.2,2671.7
23.7,43.2,43289,6.64,1.26,145.5,89.3,30.9,1265
26.6,79.7,29739,6.34,1.1,153.3,82.1,24,2259.9
22.7,71.3,44168,5.95,1.67,151.1,92.6,22.8,2260.1
21.1,76.9,46491,6.1,2.28,154.6,175,19.9,1034.7
22.2,47.8,40013,6.53,1.12,184.2,212.2,26.4,1038.3
27.5,78.4,16579,6.86,1.53,117,116.2,36.4,2323
25.5,45.7,28242,5.7,2.35,131.6,84.7,18.9,3910.5
29.3,60.4,14781,6.36,1.18,188.9,91.8,48.6,3496.2
26.2,73.2,30448,5.88,1.47,156,173.8,15,1956.1
24.8,54,31446,6.7,2.17,158.3,99.2,29.2,3411.1
25.3,57,21043,5.61,1.81,147.8,225.5,13.4,3589.5
29.3,45.1,29853,6.53,2.25,154.9,70.8,10.9,3090.3
27.5,44.9,30079,5.76,1.17,119.8,56.5,46.9,3085.4
18.3,64.8,27101,6.39,2.38,154.7,67.7,42.4,2479
24.4,67,10642,6.75,2.4,199.7,219.1,37.8,1493.6
26.3,71.1,38016,6.63,1.23,156.6,180.2,44.6,2541.9
27,62.3,28932,6.63,1.05,104.4,241.5,42.1,2381.3
20.6,65.8,34945,6.28,2.48,179.6,117.3,35.9,3367.9
28.4,40.5,17549,6.84,1.72,139.6,92.5,43.9,4425
29.5,46.5,23397,6.38,1.86,115.4,162.4,25.6,2501.5
20.8,79.4,35362,6.88,1.92,186.3,157.6,32.1,3838.9
28.6,43,43717,6.32,2.18,119.8,168.2,41.1,4247.3
19.2,67.2,33016,6.26,2.22,192.1,119.5,13.4,1847
18.7,47,24732,5.83,1.29,144.2,51.2,44.3,4606.6
19.6,68.7,36911,6.32,1.35,174.3,57,16.3,1281.8
18.7,68.2,27866,5.71,2.32,154.7,182.8,44.6,4606.9
28.1,49.4,37621,6.8,2.23,125.7,154.7,22.5,1654.5
18.7,50.8,22823,6.51,1.93,167.1,214.2,23.1,2348.7
21.3,66.2,39986,6.99,2.49,195.8,110.1,13,3420.9
19.2,55.6,24690,5.64,2.1,177,213.1,45.4,4622.7
21.5,47.8,49107,5.86,1.32,160.4,135.1,17,2022.8
19.1,69.3,20956,6.82,2.27,199.1,69.3,35.2,4054.3
26,46.2,31303,6.09,1.62,126.5,245.6,35.8,3841.7
19.6,74.2,46533,6.2,1.05,106.2,152.4,21.2,1638.8
28.2,60.6,39674,6.79,1.48,103.2,175.9,49.4,2917.9
27.8,44.2,45595,6.28,2.15,171.1,184.2,12.6,2926
18.2,67.8,12058,5.79,2.44,183,122.5,34.3,2218.4
28.7,60.8,21519,6.84,1.41,163.5,199.5,29.2,4119.7
18.3,51.9,41115,5.55,1.37,190.5,224.1,19.8,4703.7
20.9,56.9,10730,6.84,1.85,169.8,127.4,16.5,3866.3
18.4,51.9,11832,5.58,2.22,137.1,181.4,39.5,4891.8
22,50.5,32889,6.5,2.12,118.1,201.4,46.7,1201.9
24.2,46.5,49938,5.61,1.84,192.5,88,14.3,1148.9
27.6,54.5,14179,6.56,1.95,110.4,116.5,17.8,4575.4
22.1,50,16299,5.55,1.36,154.3,71.8,49.5,4591.2
26.5,67.3,17830,6.76,1.65,131.4,170.4,10.6,1428.5
20.3,67.4,47570,6.2,1.38,127.1,210.2,30.3,2429.8
27,60.1,32441,5.64,2.33,164.6,172.2,30.6,4341.6
20.8,71.1,16615,6.56,1.17,123.1,86,20.5,1514.2
19.7,73.7,16762,6.23,2.02,191.6,159.3,36.5,2069.7
20.2,63.2,48311,5.79,1.39,140.6,217,47.8,3724
20.2,64.8,34709,5.52,1.71,167.7,110.5,28,4927.6
24.2,51.3,47651,6.13,1.45,172.8,216.5,40,4188.6
28.1,75.8,33434,5.63,1.48,168.3,206.9,35.8,4109.3
19,41,31343,5.64,1.39,190.3,54.3,28.9,2370.7
26.5,53.9,25739,5.9,2.13,123.1,97.9,12,3645.4
25.9,68.9,10666,6.45,1.55,108.6,158.6,39.7,1452.4
28.5,43.2,43044,6.29,2.09,105.5,193.5,24.5,4969.1
20.9,47.3,37883,5.6,1.68,187.8,226.1,19,2922.3
23.4,63.6,24063,6.95,1.82,197.3,178.2,47.9,3555.2
29.1,62.4,43649,6.83,1.81,130.3,126.1,40.9,4504.7
25.9,69.6,44828,5.89,2.46,169.4,86.9,48.5,1003.9
22.7,72.5,49470,5.68,1.55,100.9,202,20.2,4903.9
19.6,45.1,19429,6.91,1.31,118.9,91.4,43.4,2436.6
21.1,40.7,42926,6.19,2.37,168.9,189.1,34.3,2358.4
25,67.6,47997,5.97,1.26,106.6,86.2,49.3,1580.3
26.6,52.1,42269,6.24,2.25,146.9,68.2,47.9,4432.7
19.5,65,41704,6.66,1.23,166.3,100.2,48.9,4483.4
25.2,46,38391,5.75,1.99,176.6,107,48.1,1080
24.6,58.8,34187,6.65,1.23,145.4,179.4,10.3,1222.9
24.2,60.2,12526,6.62,2.38,163,82.2,39.6,4673.4
26.3,63.4,34686,6.31,1.85,154,236.1,20.9,1491.5
28,60.5,17803,6.8,1.49,105.2,160.9,38.2,3483.7
21.9,59.8,42668,5.7,1.21,174.3,148.2,49.2,3478.6
28.7,53.3,16574,6.39,1.56,117.2,136.9,11.6,4478.9
19.9,42.8,18733,6.17,2.06,103.2,163.3,32.7,3290.6
20.1,43.6,17257,6.13,1.58,145.1,54.5,39.4,2736
21.2,57.4,46051,5.88,1.37,186.6,248,20.1,4897.5
19.4,54.2,25909,6.06,1.87,115.1,161.5,19,1915.3
20.8,60.6,34146,5.66,1.63,101.3,57,12.4,2050.9
19.3,52.2,21802,5.88,1.25,111,168,13.8,1339.1
27.9,67.5,17896,5.91,1.23,136.4,137.4,36.3,4901.3
19.7,74.6,38133,6.58,2.06,158,54.8,30.2,3825.4
27,52,23526,5.57,2.46,119.3,234.9,11.2,1048.4
18.6,47.7,21278,6.48,1.35,180.2,52.1,48.8,3817.3
29.4,44.6,35551,5.83,2.16,175.3,165.6,36.2,2616.5
26.5,64.7,35298,5.62,1.13,169.6,242.4,30.6,4870.2
18.1,57.8,45338,5.95,1.57,148.7,97.5,20.9,2109.6
27.2,47.5,32191,5.84,1.76,136.5,100.8,36.3,3841.1
24.2,66.1,43092,6.33,1.4,137.6,50.1,24.6,3509.7
27.4,45.9,33871,6.04,1.79,150.3,63.3,38.1,1048.2
24.3,62.2,19721,6.95,2.32,107.7,59,37.3,4540.9
25.7,61.1,48413,6.95,2.42,168.2,214.5,13.7,1558.5
27.4,69.4,40279,6.17,1.15,135.2,217.3,46.4,3654.4
22.9,42.2,24404,6.69,1.41,122.5,195.3,29.5,4102.2
18,75.5,14486,5.52,2.47,127.8,120.5,25.7,3523.7
28.2,68.1,45198,6.32,1.41,118,214.3,48.2,1388.5
22.6,48.6,38687,6.61,2.04,190.2,158,27.5,4900.7
24,47.3,23156,5.83,1.38,116.9,110.9,38.8,1947.3
18.1,57.3,10567,5.59,1.53,188.3,137.5,36.2,3511.5
23.9,72.7,12179,5.73,1.29,157.2,63.2,16.6,4188.7
29.8,73.7,12019,6.16,2.28,186.7,239,49.6,4756.9
21.3,60.8,25919,6.26,2.32,147.4,173.8,28.5,3416
22.7,74.4,29703,6.07,1.45,192.8,196.2,25.8,2036.2
26.2,40.2,28704,6.16,2.24,121.1,185.3,46.8,4346.6
27.8,41.4,28030,6.21,1.54,155.5,183.5,31.2,1652.9
23,76.5,13909,6.65,1.15,112.6,53.5,38.2,1089.1
21.7,71,18015,5.66,2.14,144.7,155.1,43.8,4632.6
29.3,58,13420,6.65,1.89,157,214.3,19.4,3301.6
26.1,70.1,26740,6.53,1.41,160.6,58.9,16.8,1278.6
19.4,78.2,40328,6.61,1.38,136.6,241.2,12.7,3318.9
18.8,70.9,29465,6.6,2.46,107.6,134.8,45.9,1580.1
23.8,73.7,14131,6.21,2.29,165.5,108,18,1125.5
20.6,70.4,20652,5.82,2.21,148.8,156.4,22.3,1466.1
21,46.7,31507,6.3,1.19,113.7,210.2,21.4,4100.4
28.5,73.3,33806,6.94,2.13,193.6,145,22.2,4022.6
19.1,47.8,29171,6.38,1.32,195.6,179,36.7,3417.3
26.6,75.7,30593,5.52,2.47,185.7,150,48.2,1837.3
21.3,58.3,19470,5.59,1.08,184.4,176.3,23.2,3955.9
27.1,67.1,31326,6.99,1.53,109.9,77.6,26.3,2632.2
26.7,59.9,14597,5.61,1.64,199.3,57.7,40.8,3043
18.1,43.8,47304,5.57,2.24,140,77.4,27.3,4590.6
24.1,51.6,40788,6.03,2.15,116.3,107.2,47,2831.4
19.7,79.3,46930,6.95,1.56,181.2,100.7,30.1,3505.5
28.4,78.4,43071,5.98,1.85,122.6,173,23.9,4847
28.5,52.8,15067,6.11,2.25,152.6,141.2,48.9,2805.6
23,79.9,15024,6.45,1.03,112.8,57.8,27,3242.9
23.3,73.8,17715,5.54,2.2,147.5,57,19.2,3337.7
21.6,64.4,41770,6.85,2.42,155.8,68.1,17.1,1962.8
26.6,41.6,21226,6.28,1.05,144.6,120.6,49.8,3947.7
22.3,76.1,45399,6.2,1.07,106.9,51.2,40.1,3906.5
21.2,62.3,23412,6.79,1.52,148.5,148.8,26.3,1854.2
23.2,74.7,22569,6.93,1.13,146.9,122.1,43.1,1053.4
19.1,73.4,12369,6.14,1.72,126.2,161.1,31.9,4995.8
27,73.3,42021,5.76,2.09,192.2,194.2,22.7,3326.4
18.2,67.9,10528,6.72,1.85,141.8,100.2,39.7,1724.1
25.7,51.7,40314,6.1,1.29,186.4,81.4,39.8,2134.3
20.2,53.4,47443,6.9,1.98,111,105.6,30,3471.2
20.8,52.3,28047,6.92,2.03,131.9,50.4,11.8,1550.5
25.6,40.8,29748,5.67,2.4,117.6,74,13.1,1149.1
29.9,63.3,45109,6.93,1.22,140.8,200.2,41.5,4193.9
27.3,68,23919,6.05,2.04,111.2,94.6,42.9,3863.4
20.7,74.2,25256,6.47,2.37,144.1,248.9,37.1,2238.4
20.1,45.6,14905,5.55,1.75,135.4,83.6,43.6,1234
28.4,61.8,18884,6.83,1.54,122.3,207.8,38.8,2945.1
23.3,40.3,38906,6.46,1.26,164.2,191,45.9,2104.7
19.6,43.8,15950,6.47,2.3,195.1,114.4,16,2591.1
28.3,42.2,11360,6.85,1.59,120.7,116.1,25.5,2095.9
27.8,69,47895,6.26,2.39,171.2,162.7,28.6,1701.1
29.8,43.2,31946,6.12,2.27,174.2,220.5,21.9,2548
28.9,68.7,18730,6.8,1.56,149.8,127.2,39,4859.6
28.2,50,32161,6.61,1.86,189.8,62.2,46.5,2064.9
18.6,75.1,37738,6.92,1.04,196.6,124.9,26.5,2343.9
19.3,72.5,13925,6.91,1.39,136.2,91.5,47.7,2317
24.8,78.3,18463,6.07,2.07,165.1,237.8,30.7,2921.2
24.4,75.4,27412,6.17,2.02,166.2,189.5,30.9,4374
23.5,77.3,32402,5.88,1.53,140.4,60.2,34,2608.5
22.8,74.3,44010,6.49,2.21,131.7,108.6,20.7,4224.6
23.2,67.7,35717,6.05,1.35,193.4,60,25.3,1460
24.8,46.8,19797,6.68,1.69,179,216,32.1,4579.6
18,50.9,30594,5.68,1.71,111.4,231.3,47.7,1741.2
21.1,48.5,16406,5.67,1.51,112,72.5,35.7,1156.8
24.2,64.1,23965,5.81,2.43,192.3,138.1,23.3,1633.4
26.7,60.1,23733,5.63,2.05,108.1,236.4,10.4,1763
20.1,74.7,36926,6.43,1.81,168.8,79,49.3,3034
24.6,78.1,38783,5.72,1.77,122.7,108.4,29.7,2799.8
26.6,56.2,27824,5.74,1.24,103.5,110.9,47.5,3863.5
23.3,60.3,46394,5.52,1.56,106,56,32,1203.8
18.3,78.9,38287,6.67,2.01,137.4,57.3,34.2,2990.8
23.4,51,26568,6.72,2.39,107.8,240.6,38.5,2329.9
21.6,71.7,40436,5.74,2.22,159.7,164.2,22.8,3522.8
29.2,49,31380,6.61,1.45,164.7,111.3,38,1174.8
19.5,67.3,34796,6.15,1.65,137.3,125.7,31.1,1139.7
25.8,50.1,18031,5.86,1.12,174.3,193,36.9,2709
18.6,75.3,31947,6.43,1.15,149,123.3,43.4,4245.4
23.4,62.5,13188,5.77,1.71,143,95.6,17.4,3684.4
24.6,47.4,35669,6.64,1.8,140.7,70.4,34.5,1066.8
21.6,49,45713,5.57,1.4,143.1,195.8,12.1,1713.9
23.5,59.8,41813,6.94,1.96,196.8,86.1,14.1,1906.9
20,78.5,16765,5.61,2.06,168.1,63.9,37,2692.2
21.6,70.8,33171,6.37,1.45,131.5,135.4,12.8,3346.9
25.5,59.5,20807,6.85,2.14,173.4,57.9,33.8,1865.8
21.6,53.5,20204,5.52,1.31,133,243,18.8,2530.1
28.8,62,37066,6.25,1.82,112.6,175.5,22.2,3335.8
25.5,69.9,47367,6.03,2.21,147.5,80.5,15.2,2533.7
23.3,71.4,32658,6.37,1.81,175.1,84.5,19.9,1572.7
18.5,53,47081,5.84,2.36,137.8,164,42.9,2966.6
24,68.8,44986,5.6,1.09,186.9,121.3,35.6,2296
27.2,66.3,23786,6.44,1.88,138.7,204.9,48,4456.8
21.2,78.4,39283,6.13,1.84,135,159.2,11.9,4102.5
27.7,77.2,10056,6.43,1.99,199.8,136.7,41.7,1761.1
21,71.6,42911,5.82,2.25,148.2,242.6,38,1610.5
27.9,68.9,49986,6.01,2.09,180.5,128.1,20.4,2390.7
19,51,18559,6.34,2.19,180.5,130.1,39.2,2648.7
28.4,73.8,36058,6.39,1.43,192.6,183.2,38.7,4728.1
24,57.1,32745,6.06,1.58,108.5,211.9,28.4,2206.5
21.6,50.9,10615,5.92,1.94,127.1,175.2,37.5,4470.3
21.2,55.4,18062,5.91,1.83,176.8,189.7,27.8,3021.2
23.2,73.4,38214,5.76,2.44,156.3,124.6,23.4,4542.5
30,45.9,48745,5.99,1.28,156,145.9,28.7,3807.8
20.6,58.2,20681,5.8,1.53,116.6,89.4,45.8,3833.6
19.2,59.7,16984,6.45,1.86,128.1,186,25.4,3075.2
25,41.5,37579,6.35,2.3,152.1,94.3,26.1,4361.2
23.9,47.8,35274,6.07,2.39,127.7,50.3,34.3,2017.7
24.3,73.1,47739,5.99,1.5,121,236.8,40.1,4629.4
26,73.2,37399,5.86,1.1,108.8,111.2,39.4,3547.1
21.2,51.7,41481,6.3,1.63,115.6,89.3,10.8,2754.8
28.9,75,10944,6.88,1.59,176.9,103.6,37.5,4928.8
23.2,70.9,38457,6.53,2.48,171.9,116.1,28,4448.1
19.5,56.7,19114,6.62,1.65,104.6,144.9,31,4088.1
26.9,69.9,49846,6.75,1.46,120.3,63.9,32.5,2095.6
25.7,78.5,28130,6.03,1.55,156,60.5,39.3,4895
21.8,58.4,22312,5.59,1.6,132.3,108.6,43.3,3972
25.5,49.5,42596,6.43,2.23,182.3,109.2,35.9,3420.9
20.6,77.7,48551,5.78,1.12,178.5,73.5,32.6,4687.2
23.3,64.1,19751,6.35,1.47,189.2,131,25,1648.7
28.8,44.2,16907,6.61,2.45,156.3,106.8,15.5,1556.1
19.6,62.9,38114,6.68,1.23,135.2,55.2,48.3,3254.9
22.6,60,35009,5.95,2.11,160.6,227.1,28.5,1226.9
27.9,74.2,29310,6.27,1.53,108.9,227.2,32.6,3655.9
29.6,61.2,45725,6.43,1.87,101,91.8,40,1963
23.4,50.2,28996,6.73,1.15,101.7,82.6,12.7,1476.1
24.1,67,16047,6.64,1.46,140.8,159.5,44.2,2638
24.9,61.7,49017,6.98,1.75,122.8,176.2,41.9,2863.8
29.2,49.3,38767,5.51,1.35,115.7,241.5,41,1681.9
28.3,62.9,26347,6.16,1.81,161.5,125.5,10.9,1166.1
20,72.9,46527,5.88,1.33,199.5,173.6,31.1,2656.2
23.2,41.1,34102,5.68,1.98,117.8,225.6,12.2,4038.1
23.6,65.2,14263,6.87,2.36,154.6,140,32,4496.8
27.5,54,11902,7,1.13,112,74.5,38.7,1390.2
25.2,51.7,40823,5.77,1.32,193.4,125.5,14.9,3098.7
25.9,55.7,40540,5.56,2.27,129.2,77.3,37.8,2053.6
30,53.7,45335,5.91,1.95,187.8,53.3,28,2498.5
18.9,73.3,20190,6.75,1.12,128.3,200.3,42.5,4733.8
20.7,51,37690,5.94,1.73,180.6,97.7,31.3,2408.3
22.9,69.3,12994,5.59,1.31,120.9,50.4,23.4,2461.4
22.2,43.8,47997,5.58,1.3,129.3,224.5,23.3,1837.6
18.3,78.1,12010,6.14,2.41,119.2,138.8,45.9,4840.1
19.1,64.9,17377,6.9,2.14,126.4,97.8,28.1,2825.9
26.2,68.3,23036,5.93,2.04,183.5,102.6,26.2,3281.6
28.6,51.9,36467,6.14,1.36,163.9,98.1,11.6,2812.7
24.2,56.5,10048,5.65,1.18,140.6,88.9,24.6,2011.7
24.5,49,46978,6.24,2.31,197.2,218.2,44,4241.7
21.1,77.3,26038,6.54,1.01,146.5,84.1,40.4,1113.9
27.2,59.5,42576,5.91,1.58,197,162.4,18.8,3761
27,65.2,17878,5.95,1.42,119.7,65.5,26.5,3377.1
25.1,69.4,37609,6.76,1.86,190.5,239.9,17.9,1577.1
20.6,54.8,34070,5.52,1.38,101.4,170.7,48.2,1663.6
19.2,68.8,31996,6.45,1.47,154.5,230.6,33.9,3636.9
18.8,67,28161,6.09,2.28,142.3,129.6,40.2,2248.6
25.1,68.2,12228,5.95,1.9,152.5,212.1,38.6,2063
27.9,59.6,36365,6.49,1.22,155.3,220.7,44.9,1236.6
28.3,55.3,35188,6.75,2.09,138.9,190.6,48,4065.9
23.6,48.9,18888,6.34,1.31,199.8,68.6,11.3,4530.7
27.4,73,33130,5.55,1.65,197.7,53.2,49,4279.4
29.4,64.3,49159,6.19,1.97,196.2,83.7,44.8,2864.1
21.3,57.8,28790,6.19,1.41,197.9,73.6,25.3,3135.8
22.8,77.8,34824,6.32,1.58,179.3,195,43.5,1969.1
29.2,41.9,43405,6.51,2.1,198.9,161.4,39.5,1691.4
22.1,74,34474,5.53,2.41,189.2,155.2,41.7,4292
29,79.9,27333,6.25,1.79,141.6,100.6,18.8,4193.4
29.8,75.5,46355,6.38,1.01,178.5,80.9,35.9,4109.4
25.9,72.4,43879,6.02,1.51,191.2,91.3,11,2853.4
27.8,55,18367,6.5,1.6,171.3,130.1,43.9,4458
27,49.3,10722,5.84,1.51,142.3,198,48,4704.9
26.4,69.4,41145,5.98,1.65,106.6,100.9,36.5,2313.4
21.7,52.2,47634,6.94,1.95,181,189.7,30.5,1898.8
18.7,47,20139,6.02,1.18,195.3,148.3,39,2857.1
22.1,71.5,12128,6.02,1.41,136.2,227.1,23.1,1717.3
26,52.5,30617,6.39,1.76,115.2,96.6,35.1,4536
19.2,76.6,38080,6.96,1.47,132.7,140.2,38.8,2352
18.1,73.6,45285,6.97,2.49,158.3,69.3,15.7,3304.7
19.7,73.9,27533,6.37,1.65,131.7,117,15.6,3378.9
26.6,70.9,42624,5.5,2.3,161.1,151.4,38.6,3060
29.7,75.2,37956,6.85,2.34,196.7,196.5,27.3,1626.1
29.8,72.2,43077,6.36,2.25,167.1,89.6,45.6,4964
23.9,64.1,13952,6.05,1.07,136.3,93.6,22.5,1690.4
28.4,51.8,32796,6.74,2.42,193.6,176.3,11.7,4006
26.8,75.5,41746,6.1,1.19,156.6,126.5,36,4165.5
24,73.6,31249,5.55,1.05,112.8,146.4,37.4,1580.7
24.9,58.9,10015,6.73,1.62,149.9,217.2,32.1,4732.7
19.6,41.6,35957,6.32,1.29,165.4,149.8,37.3,2951
29.3,65.5,26005,6.01,1.28,183.8,180.5,31,3515.5
22.2,42,31292,5.88,1.43,193.6,181.4,37.7,3568.7
23.4,77.1,41876,6.39,1.37,131.7,210.7,11.8,3019.8
26.1,78.5,24817,5.81,2.03,115.6,177.6,24.7,1568.1
22,47.6,35470,5.99,1.28,107.4,63,18.4,4007
21.1,67.1,19759,6.45,1.81,173.8,118.4,14,3327.1
25.6,43.7,16412,6.82,2.48,179.5,247.9,19.4,1474.7
18.3,69.2,30504,6.3,1.65,140.9,89.3,17.7,3801.3
26.6,53.9,18507,6.64,1.96,139.6,167.3,48.9,3811.1
24.2,67.2,31050,6.64,2.45,195.4,218.6,21.5,3193.9
25.3,54.9,14820,6.5,1.21,191.7,167.3,19.2,1362.2
25.6,45.8,17835,5.87,1.63,123.3,124.5,43.4,2410.6
24.3,56.2,37631,6.8,2.28,178.1,66,26.8,1203.7
25,44.5,44617,6.15,2.4,162.3,122.3,26.9,2910.4
26.2,63.1,23587,5.57,1.9,115.4,86.4,27.7,4625.8
27,41.6,44721,5.87,1.22,135.7,242.2,26.7,1009
26.7,61.1,16840,6.65,2.35,117.7,193,23.1,2066.6
28.4,75.5,47834,5.6,1.26,129.5,199.9,21.5,4199.4
20.3,73.5,41440,5.72,1.53,161.5,137.2,45.3,1039.4
22.8,75.3,45183,6.54,1.56,137.5,72,16.5,1040.7
29.4,76.9,40636,6.84,1.67,139.4,103.3,17.2,3443.3
22.8,44.2,12389,6.45,2.19,154,101.9,32.9,4156.8
19.5,45.1,10763,5.83,2.2,108.7,147.4,23.7,4106
24.3,62.3,33925,5.58,2.08,173.9,142.2,26.9,4118.3
19.3,75.8,36549,6.42,1.03,140.2,136.7,42.3,2444
20.4,79,49023,5.57,1.85,148,149.2,46.1,4530.9
30,41.9,49941,6.42,2.12,197.4,247.4,41.6,1051.3
24.5,54.2,33457,5.84,1.67,134.4,109.7,19.4,2248.8
21.4,48.5,31423,6.86,2.42,164.8,173.1,49.2,2348.8
29.9,70.2,20518,6.21,2.24,139.3,97.9,24.5,1662.3
29.6,65.6,42360,5.84,1.96,189.4,143.3,16.8,2344.9
23.3,44.8,38173,6.78,1.09,184.7,90,30,3343.5
21.1,59.3,19395,5.88,1.98,124.2,161.6,39,3081.1
28.1,67.4,29207,5.96,2.37,169.2,103,13.3,2277.7
26.6,71.2,48055,6.75,1.57,106.5,57.4,35.4,3997.3
26.2,40.8,36639,5.96,2.26,196.3,213.1,44.3,3859.2
28.7,75.6,38924,6.12,1.47,134.9,75.7,20.5,2122.8
26.3,62.8,17433,6.02,1.86,183.2,123.6,37.7,2292.9
21.4,72.5,40104,5.67,1.97,131.8,145.4,26,2150.1
26.3,72.3,47594,5.56,2.02,163.3,136.5,26.6,1515.4
21.7,47.6,13664,6.59,2.32,198.4,195.1,21.2,4011.1
27.1,44.4,20528,6.47,1.35,187.7,169.4,35,1185.1
25.4,68.9,38190,5.92,1.39,116,109.1,24.4,1602.3
18.9,46.3,10497,5.94,2.06,154.7,60.3,43.2,1421.2
24.2,74,17641,6.92,1.27,134.9,203.5,48.5,4301.4
22.1,69,14643,6.98,1.7,143.4,120.5,47.4,1176
21.9,73.7,15056,6.21,1.03,133.5,227.9,16.5,3658.5
25.2,52,42899,6.7,1.21,133.6,129,10.6,1177.9
21.9,52.7,15443,6.61,2.02,154.3,193.5,27.5,4145.8
27.3,66.8,27241,5.95,2.12,119.2,237.9,39.2,4650.9
18.8,41.3,18712,5.59,1.17,153.7,180.2,49.1,2947.4
25.9,69.1,18221,5.71,1.34,127.9,132.7,41.3,4218.2
27.7,73.4,41346,6.76,1.15,128.9,163.5,33.2,3825.6
26.1,56.6,25660,6.6,1.65,173.9,158.7,11.1,4182.5
24,70.6,48915,6.5,1.19,103,167,43,4067.1
29.4,47,21588,5.7,1.66,138.1,79.4,17.1,1821.5
21.6,52.9,47372,6.46,2.1,140.8,189.7,12.2,2998.2
18.2,79,27942,6.66,2.03,148.5,79,44,4841.7
23.2,79.5,46373,6.79,1.42,166.9,52.9,32.7,2374.1
18.4,60.5,11607,5.52,2.01,137,175,15.1,4881.9
29.4,77.4,12016,6.53,2.39,121.3,73.4,25.5,3332.6
20.5,60.9,13574,5.53,1.52,188.5,204.1,13.4,2846.4
27.5,51.7,17274,6.56,1.49,198.1,223.2,35.5,3631
27.3,50.7,25748,6.45,1.86,102,238.9,21.3,4263.4
20.6,77.2,30175,5.72,1.37,154.6,182.9,44.6,2576.8
25.5,46.9,49174,6.65,1.98,134.2,146.4,24.3,1131.8
18.6,63.2,21826,5.6,2.25,127.7,120.5,29.8,3835.2
23.8,62.2,27472,6.74,1.69,133.6,148.2,12.5,4824.7
18.2,69.6,44129,5.89,2.02,163.9,88.1,21,3499.9
29.1,60,14473,6.53,1.98,119.1,119.7,37.1,1753.7
29.7,50.9,33490,6.89,1.06,191.3,193.6,39.5,1993
20.7,46.8,19481,6.01,1.28,146.6,93.5,19.7,4639
20.5,64.8,18520,6.25,2.34,132.6,102.8,30.2,1054.2
27,68.8,36415,6.19,2.41,176.6,199.9,42.7,3195
21,62.8,27570,5.74,2.17,101.6,85.6,25.2,1634.7
28.7,69.5,29798,6.39,2.38,143.2,99.2,15.4,2131.1
24.9,45.7,13536,6.61,1.46,135.5,53.5,27.3,2227.9
22.2,75.3,11773,6.88,1.37,133.8,194,34,1877.1
28,63.3,39894,6.78,1.58,133.7,173.6,10.3,4169.4
23.9,45.1,45326,6.27,1.08,103.1,188.9,23.9,2328.8
28.9,58.5,15079,6.58,2.21,115.2,92.9,34.3,2381.9
29.1,73.8,35838,6.7,2.48,114.2,187.5,48.1,2812
20,75.9,31804,6.24,2.24,198.9,169.3,26.3,4609.2
18,50.6,29675,5.67,1.83,102.2,123.2,16.5,3752.7
29.8,68.5,35594,6.16,1.44,116.7,137.6,31.4,1247
28.9,44,46292,6.76,1.3,197.4,163.6,21.4,1157
18.7,41.3,18998,6.39,1.55,162.8,148.7,18.6,3265.6
28,62.4,23697,6.59,2,145.1,178.4,33.6,4548.2
23.5,67.8,23429,5.78,1.67,107.9,86.2,46.6,2293
21.1,71.8,17140,6.95,2.4,167,158.1,43.4,1991.1
28.5,53.6,24901,6.11,2.28,113.8,140.1,17.3,3992.8
20.4,40.3,33279,6.48,1.15,167.1,142.2,40.6,3408.4
29.4,59.2,38525,5.53,1.2,197.9,143.9,19.2,3260.1
20.5,40.6,30491,5.69,2.01,153.2,226.3,21.6,1597.2
25.4,43.7,13280,6.67,1.35,121.4,213.7,46.8,1703.8
20.7,53.1,44980,6.95,2.19,162.5,175.9,46.4,2127.2
24.5,57.5,39989,5.98,1.89,151.3,193.3,16.7,1827.4
26.2,51.2,18078,5.56,1.34,153.3,58.6,12.6,4885.8
20.3,63.3,36118,6.04,1.72,147.8,198.8,21.7,1074.4
24.3,42.2,33985,5.53,1.61,167.4,147.2,33.3,3504.2
23.6,45.8,26997,5.79,2.31,157.2,113.5,45.1,3070.4
18.9,67.8,24274,6.63,1.05,198.7,78,14.8,2293
27.8,45.7,10868,6.91,2.34,182.6,65,26.6,4550.4
22,65.6,36398,5.63,1.98,126.5,59,20.9,3680.7
24.9,42.2,26042,6.34,2.11,172.6,82.4,10.6,4993.4
24.2,56.3,41820,5.88,1,121.4,56,41.5,1674.6
24.2,47.1,31246,5.71,1.94,178.2,196.5,42.5,1351.5
19.3,44.4,30561,5.83,1.88,114.8,99.7,18.8,1557.6
23.1,62.7,26254,6.37,1.81,147.4,123.7,16,2077.2
23.4,77.1,44512,5.6,2.18,179.1,214.5,15.8,2667.1
26.8,42.2,45024,6.15,1.83,128,72.9,28.6,4450.4
28.1,56.9,33996,5.7,2.29,183.7,217.1,19.9,2134.4
24.5,68.3,38618,5.91,1.35,164.4,177.9,30.5,4661
19,58.5,21859,5.79,2.21,139.8,118.4,25.4,2851.6
20.8,72.3,33580,6.82,1.27,142.3,73.6,18.4,3588.3
20,47.2,15423,6.56,2.22,192.6,68.3,40,2057.6
19.5,78.4,47857,6.8,2.41,121.8,117.1,16,1624.1
22.4,55.4,16608,6.08,1.5,169.3,78.1,42,4477.8
20.8,53.7,14876,5.97,1.79,170.7,103.5,32.5,1438
20.6,75,31038,6.07,1.99,192.2,60.6,43.3,4096.1
18.7,62.6,38006,5.53,1.12,171.3,169,10.2,3323.9
18.2,60.7,45775,6.59,1.74,158.4,79.1,40,4444.6
19.2,69.1,40810,6.02,1.54,190.3,201.3,12.1,3871.3
20.1,63.2,24325,5.97,2.31,182.9,93.6,48,2126.7
23.2,46.5,45892,6.4,2.32,171.7,209.6,38.1,3297.7
24.1,67,11753,6.15,2.05,103.3,88,22.8,1052.3
19.7,45.3,39531,6.97,1.98,137.4,194.3,22.8,2900.9
23.1,72.2,27996,6.03,2.1,163.2,116.6,44.5,1344.1
22.1,79.6,13275,6.42,1.55,152.2,166.6,46.1,2715.8
20.2,55.1,18747,5.97,1.61,131.9,57.7,45.7,1438.4
18.1,57.8,10824,6.99,1.83,114.4,149,42.3,4821.9
23.6,41.9,23880,6.17,2.41,155.3,79.7,42.8,3092.3
26.2,40.5,11081,6.45,2.09,128.6,147.3,32.9,4652.9
20.7,76.9,21517,5.69,1.83,123.3,78.3,11.1,1089.5
19.6,45.1,31683,6.6,2.16,139.9,137.4,13.5,3550.6
28.6,57.8,26876,5.9,1.56,178.5,72.1,36,2227.8
21.3,72.6,47532,6.17,2.1,148.8,94,26,2727.3
20.7,75.6,18266,6.82,1.62,121.6,169,32.7,4492.3
28.3,60.8,21183,6.96,1.42,111.7,245.3,19.2,4920.1
27.8,62.6,31066,6.14,1.91,149.9,139.8,36,1986
23.4,66.8,22877,6.75,2.03,179.4,187.4,19.7,4793
23.9,78.5,19982,5.58,1.69,165.3,157.9,28.4,3754.9
20.6,64.1,18968,6.77,1.85,123.2,149.7,29.1,4805.7
18.9,62.4,36598,6.44,2.04,143.7,62.9,17.1,3249.5
24.9,40.6,24639,6.23,2.15,185.5,78.9,45,4843
19.2,43.2,14674,6.83,2.34,117.8,226.6,31,4569.8
23.4,63.1,14316,6.77,1.53,153.2,132,44.7,1514.4
29.3,77.4,19695,5.95,2.43,135.6,172.9,20.5,2243.2
29.4,74.7,41094,6.69,1.96,112.4,155.6,16.9,1972.3
20.9,79.3,32187,5.65,2.18,105,125.8,10.7,3288.4
25.5,61.1,11214,6.73,2.05,155.6,127.6,13.8,4211.2
23.7,71.5,33940,6.51,1.31,102.1,161.1,15.9,4037.6
28.5,73.6,35685,5.63,1.11,110.3,78.2,13.2,3907
21.3,65.9,25977,6.52,2.09,134.8,127.5,45.9,2501.1
18,53.5,45904,6.37,1.77,104.4,139.4,46.5,1558.5
20,58.8,35538,6.39,2.05,140,247,47.5,1842.3
22.2,74.3,49386,5.94,1.72,113,120.3,48.4,3966.7
21.8,51.9,48033,5.9,1.47,135,178.9,29.7,1590.1
27.5,76.9,17965,6.64,1.43,179.1,77.5,31.2,1891.8
26.2,49.2,19597,5.89,2.1,162.6,63.1,15.2,2698.2
21.6,70,37740,6.17,1.42,144.5,224.3,15.5,1288.4
23.5,65.2,16569,6.54,2.07,109.2,196.1,40.9,1850.8
19.1,70,47981,5.62,1.58,161.9,113.5,44.2,1599.1
28.8,57.5,21881,6.39,2.16,116.4,150.9,41.4,4805.3
29.2,77.3,46996,6.38,1.21,107.7,77.1,43.4,1766.1
29.8,65.3,42177,6.53,1.31,166.4,191.4,21.1,4447.1
28.4,51.5,47177,6.05,2.03,191.2,64.1,28.6,1459.2
20.1,65.5,10590,6.17,1.84,146.1,201.4,28.4,4478.7
18.6,51.5,36119,5.99,1.31,104.1,159.4,49.8,3397.7
25,51.7,37915,6.71,2.35,188,105.8,48,4398.8
29,56,12708,5.7,1.41,106.7,222.5,33.9,4469.4
20.1,74.1,48749,6.94,1.63,186.8,247.2,15.5,3385.5
18.1,60,32106,6.45,1.3,139.2,100.9,20.3,4670.8
27.7,67.2,27131,6.83,1.58,136.5,211.2,24.6,3341.8
18.9,55.7,16553,6.14,1.74,154.3,200,44.9,3850.3
23,50.5,27881,6,1.44,195.7,199.4,16.8,2664.3
26.1,78.2,11379,6.85,2.15,189.9,241.4,18.8,4656.3
20.8,64.1,35255,5.65,1.59,147,147.3,24,4296.7
19,77.4,13770,5.68,2.09,169.6,184.8,47.1,1666.9
27.2,48.1,29726,5.95,1.31,158,214.8,30.2,3305.6
25.6,45.9,19088,6.94,1.57,169.3,145.9,35.9,4587.3
29.9,74.2,44314,6.45,1.01,182.9,146.3,25.5,4172.3
22.1,67.2,48976,6.33,2.14,103.4,113.7,17.5,4850.2
18.7,47.5,26350,6.56,1.94,132.6,206.2,18.9,1925.2
26.8,50.8,44063,6.13,2.23,195.9,187.2,42.1,2469.8
24.3,72,25861,6.64,1.68,194.9,140.2,45.7,3028.8
20.6,58.2,23973,6.09,2.2,101.1,133.9,29.7,1930.7
27.4,66.8,27769,6.74,1.97,120.1,64.5,24.3,2576.2
20.4,52.7,27326,5.9,1.01,199.4,51.3,42.3,3150.2
21.1,55.2,46048,5.92,1.38,149.3,155.8,36.9,1765.4
19.1,79.6,12786,6.28,1.74,157.3,133.5,11.6,2026.8
22.8,49.9,45001,6.15,1.93,116.6,209.2,24,1499.4
23,60.3,11620,6.47,1.1,189.4,158.5,37.3,3853.5
24.2,73.8,46303,6.05,2.06,123.1,237.3,32.9,2446.2
26.5,49.6,29589,5.85,1.82,119,89.2,49.1,1881.1
28.9,56.6,12882,6.2,1.79,122.8,248,44.6,3029.3
19.7,64.6,34524,6.34,1.44,192,109.6,12.4,1273
18.7,59.2,19745,5.71,1.89,170.3,178.5,39,4693.6
18.2,58.4,46665,6.34,1.04,176.9,150.4,23.5,2177.9
19.7,54.5,25861,5.98,1.1,137.7,121.9,37.3,4545.9
25.9,63.5,36171,6.09,2.1,190.9,77.9,34.7,2990.5
26.7,65,36199,5.92,1.48,178.9,77,30.1,4400.6
27.4,66.1,12837,6.9,1.52,175.1,192.3,44.1,1988.3
20.9,42.8,18599,6.53,1.31,197.1,125.5,38.3,1701.1
21.7,65.2,25911,5.89,1.67,136.6,242.3,45.6,4397.6
23.8,78.1,30553,6.47,1.08,161.1,115.1,21.3,1851.7
18.8,61.6,49489,6.77,1.45,191,246.7,23.9,3984.8
25.3,68.6,33813,6.1,1.79,179.1,91.1,34.9,2378.3
29.8,62.3,48255,6.74,1.7,156.3,70.6,48.7,3992.8
22.3,74.2,39520,5.73,2.5,107.6,112.5,24.9,4630.6
27,77.2,39541,6.73,1.58,165.3,227.1,11.3,4926.6
24,47.4,10236,6.31,1.58,152.7,154.4,27.8,2439.2
19.5,57.5,37350,5.83,1.76,118.4,77.1,31.8,2470.1
25,55.7,21549,6.11,1.29,188.2,90.5,42,4925.6
21.6,56.2,37453,6.98,2.31,134.3,112.3,39.1,4446.1
18.4,45,45191,6.68,1.86,138.7,168,48.6,1180.4
25.6,72.5,22906,6.36,1.29,167.2,116.5,41.3,3293.8
28.3,41.4,24988,5.67,2.19,148.9,199.4,21.9,1725
22.1,61.1,37723,6.13,1.05,108.9,173.3,35.7,4976.1
22.7,66.5,43800,5.89,2.47,138.7,224.8,36.9,1555.7
28.7,48.3,49107,5.61,2.3,109.4,150.2,49.9,3237.4
27.8,76.2,37430,6.31,1.87,119.1,116.2,15.5,3660.8
26.6,73.5,42535,6.83,1.17,100.7,249.3,17.7,4748.3
21,58.8,12940,6.51,1.32,118.1,121.1,16.2,4389
28.9,56.4,31793,5.87,1.42,133,135.7,33.6,1983
19.9,49.5,22262,6.36,1.36,153.8,211.8,15.4,3290.5
25.5,69.2,47710,6.91,1.75,191.9,67.7,36.2,4814.3
18.3,45.3,16961,6.58,2.42,154,127.3,42.2,3942.9
25.7,67.2,36499,6.53,1.67,170.6,67.1,27.3,3753.3
21.3,73.7,41283,6.95,1.99,135.8,77.9,32.4,4019.6
23.4,49.1,10633,6.7,2.03,175.2,50.9,46.5,2290
22.1,74.7,16822,5.7,2.31,162,51.9,32.8,3917
20.1,41.3,35968,6.02,1.05,146,126.1,18.3,1931.4
25.5,76.5,49255,6.95,1.61,119.4,211.8,23.7,2712.4
28.6,44.7,29830,6.23,2.18,130.4,167.4,31.2,4559.7
29.5,65.8,15738,5.67,2.22,162.1,177,16.2,1075.9
20.3,50,13098,6.19,2.39,142.6,153.8,34.5,2657.3
26.6,73.5,39888,6.55,2.05,188.9,214,50,2067.3
26,60.5,18097,7,1.37,123.5,226.1,36.1,1794.4
22.1,45.4,23136,5.99,1.76,107.3,219.9,24.9,4354.3
18.2,62.8,48244,6.27,1.05,158.9,212.4,23.3,3786
26.3,56.3,18253,6.82,1.97,188.6,86.5,47.3,1450.5
29.3,66.5,35208,6.03,1.83,136.5,168.8,44.9,2977.9
25.6,75.3,14887,5.66,2,164.8,166.4,28.9,2867.6
23.2,56.4,19492,6.92,2.4,123.1,155.6,24.1,1570.1
24.3,51.6,45421,6.23,2.03,155.8,146.2,38.4,4199.1
20.4,40.6,11454,6.25,1.48,178.7,67.8,22.6,2466.7
27,63,27522,6.43,1.3,186.7,70.4,14.8,4047.8
27,56.1,48575,5.51,2.28,110.5,230.5,22.4,1768.3
19.7,55,13192,6.9,1.29,135.6,176,27.4,2260.3
28.5,47.3,25775,6.04,1.24,164,102.5,20.2,1380.7
21.2,57.2,20402,6.1,1.31,103.5,105.9,18.7,1573.9
29.8,79.4,23074,5.76,1.76,169.1,172,10.2,4532.7
22.6,51.9,25245,6.07,1.19,152.8,131.4,35.2,1436.5
20.1,64,46527,6.71,2.41,128.9,138.3,34.6,1382.9
22.2,71.1,35936,6.7,2.45,181.5,62.1,17.5,4761.5
23.3,70,37002,6.9,2.46,129,77.7,47.7,3583.6
18.8,53.2,25683,6.1,1.06,199.1,128.7,26.4,1403.7
24.9,64.4,22460,6.56,2.42,181.6,189.9,11,4886.9
25.2,74.9,40482,6.26,2.5,170.8,59.6,18.8,1588.4
26.9,40.6,26447,6.71,2.41,106.1,116.9,37.7,4065.4
18.4,57.4,27729,6.57,2.01,190.4,189,18.1,1139.4
24.5,49,30545,6.05,2.05,179,208.4,12.2,3498.2
18.6,55.5,38204,6.01,1.18,122.9,88,34.7,3186.8
26.4,56.6,19814,5.88,2.31,139.2,196.3,30.7,1832
18.7,69.9,23890,6.36,1.09,126.9,241.1,40.5,3572.6
28.9,43.8,11740,6.95,1.48,198.4,231.4,40.9,3468.2
26.4,60.5,40121,5.8,2.49,185.4,207.9,48.4,4193.4
24.1,62.6,21218,5.64,1.63,193,192.5,12.3,4503.5
23.3,59.8,16055,5.68,1.2,178.9,97,11.6,3040.4
19.6,69.3,32705,6.67,2.45,145.6,176.8,49.5,2961.2
21.5,55.4,44722,6.03,2.48,120.5,178.7,35.8,3486.4
28.4,77.8,16439,5.84,1.28,120.8,131.4,38.6,3916.8
28.9,59.3,40921,6.03,2.3,115.2,148.6,13.9,2424.7
18,62.8,43729,6.47,1.59,154.7,188.8,12.8,3018.6
25.1,73,33211,6.32,1.57,192,240.4,16.4,3340.4
26.6,51,40614,6.62,1.39,199.2,109.1,27.1,4953.5
25.4,43,27601,6.01,1.07,128.7,99.3,14.4,3350.8
19,68.3,37796,6.18,1.4,169.7,170.4,27.9,1896.7
20.6,59.3,16007,5.65,1.08,159.7,76.2,32.5,3352
21,75.9,30514,5.61,2.39,148.9,166.5,10,4278
28,79.3,27776,6.19,1.99,166.6,67.8,14.6,4429.6
23.6,56,12076,5.95,2.33,137.1,148.1,25,4201
23.8,56.6,35350,6.42,2.08,194.4,174.1,12.1,4552.8
29.2,56.3,48964,5.56,1.2,170.5,64,15.3,2339.1
25.6,53,26292,5.68,2.41,175.4,91.4,19.3,3030.3
28.8,71.3,41510,6.8,2.35,124.2,117.1,27.2,4118.4
23.5,70.4,38000,6.35,1.52,116.9,123.7,38.6,2057.8
19.8,59.1,40383,6.57,1.17,139.4,185.2,15.3,2486.3
29.2,41.8,21785,6.76,2.06,176.7,155.8,39.5,4324.6
23.5,52.4,49028,6.2,2.09,193.9,126.4,44.2,4080.3
20.2,51.7,34855,6.64,2.35,142.7,140.1,36.1,4884.8
21.6,72.4,34281,6.29,1.08,177.4,52.6,11.7,4983.9
18.6,43.5,14841,5.83,1.21,147,204.1,27.6,1963
23.6,72.2,41668,6.01,1.9,129.5,58.2,36.4,4601.8
28.2,66.8,36918,6.24,1.93,173.9,215.9,49.1,1378.1
29.2,69.3,27443,5.98,1.05,179.8,158.2,48.1,3839.2
29.2,57.3,42250,6,1.6,120.3,155.6,25.8,1880.4
19.5,67.2,11922,6.01,1.88,130.5,190.9,34.6,2201.2
22.6,64.4,41976,5.68,2.11,149.5,221.9,45.6,4785.3
18.3,70.8,21991,5.63,1.47,118.7,238.5,43.2,2052.6
28.3,57.9,48869,5.57,1.73,192.9,158.7,29.2,3692.7
22.3,58.9,32733,5.67,2.22,159.1,80.1,20.4,1712.5
25.6,65.7,12473,6.02,2.43,112.1,225.7,15.5,1373.6
26.6,44.3,18108,6.39,1.35,118.4,58.1,29.5,2357.3
23.2,57.4,38715,5.78,1.38,195.4,211.5,38.9,3496.8
21.7,78.9,42210,6.83,2.41,173.8,186.1,48.8,1991.8
29.5,41.5,47317,6.71,1.59,173.4,230.9,44.5,2200.7
29.6,52.6,43362,6.28,2.08,107.2,229.5,18.2,3834.9
21.5,52.6,14889,6.59,1.92,189.5,60.6,38.8,1411.2
23.8,65.3,34021,6.05,1.43,144.4,171.9,21.6,2787.6
29.7,44.2,18212,5.56,1.98,166,74.9,37.3,4766.9
18.1,65.1,41971,6.86,1.98,196,65.7,36.6,2587.9
23,43.8,13201,5.69,1.89,110,139.7,20.9,2736.8
19.2,43.8,49531,6.92,1.15,148.2,69.5,19.4,3952.8
24.1,69.1,34346,6.36,2.49,105,195.6,14.2,4116
18.3,53,47958,5.96,1.6,150,243.8,12,4078.4
22.9,79.1,23715,6.24,1.96,125.2,163.9,44.3,4991.5
20.6,41.5,15681,6.25,2.33,191.1,97,12,1285.8
24.4,57.8,46446,5.53,1.63,139.8,218.6,13.5,4929
30,44.5,26720,6.03,2.16,163.4,220.6,19.6,4800.8
27.6,54.1,11667,6.61,2.46,186,196.6,45.5,4408.6
28.1,79.9,38152,6.27,1.54,198.4,173,23.3,2816.5
25.6,75.6,18204,5.87,1.61,150.4,223.6,17.7,4483.6
18.5,41.9,47890,6,2.36,145.6,82.7,38.6,1883.3
20.5,62.5,34537,6.79,1.24,107.6,236.3,22.8,4166.6
29.1,65.9,21217,6.29,1.04,101.3,239.4,23.3,1741
22.4,48.4,43741,6.29,2.36,160.9,224.4,39.6,4261.4
19.2,45.8,30654,6.94,2.23,106.5,100.1,20.1,3458.1
26.4,76.2,11408,5.98,2.46,138,221.6,45.9,1392.1
21.6,78.8,28672,6.22,1.09,100.4,149.5,32.5,4581.3
21.2,79.7,11218,6.72,1.23,161.5,169,31.5,3311.8
30,71.6,46145,6.64,1.16,142.5,218.1,20.6,3625
28.3,66.5,40105,5.9,2.03,112.7,55.9,43.4,2134
22.9,53.8,14098,5.73,1.91,129.6,122.6,32.9,4486.5
29.8,46.9,17619,6.55,1.54,157,213.1,16.2,3180.8
25.8,43.2,21939,5.89,1.09,165.7,212.8,18.3,2684.5
26.9,67.7,28226,6.88,1.96,146.2,219.7,28.7,3137.1
18.4,71.4,35322,5.69,1.86,180.4,83.8,41.2,3813.3
19.5,73.1,26878,5.98,1.17,111.2,191.2,47.6,3780.2
25.6,76.6,16560,5.58,2.36,108.5,79.3,36.5,2430.3
28.8,75.2,48278,6.55,1.3,104.4,207,30.2,2541
25.5,80,46212,6.84,2.12,153.6,99,20,3249
19.6,49.8,39299,6.45,2.33,170.6,197.6,36.9,4697.6
19.4,70.5,17543,6.91,1.87,113.1,141,49.3,3981.7
28.1,63.5,33946,5.69,1.37,163.9,247.3,29,2561.7
19.7,50.4,41740,5.63,1.46,147.7,166,16.5,2348.1
24.2,79.3,17253,6.76,2.33,198.7,176.5,14.1,3094.5
18.4,75.9,23775,6.78,1.45,171.7,123.6,20.8,4480
19,45.1,42813,6.75,2.12,165.7,196.9,32.8,1034.7
26.1,41,37632,6.7,2.49,157,149,47.9,3841.9
26.3,67.5,12057,6.04,2.5,199.7,53.6,22,2178
22.1,64.2,43431,5.83,1.8,198,171.7,22.2,1833.6
20.6,77.4,47436,6.89,2.24,153.8,216.1,29.2,1048.6
27.8,49.4,28413,5.96,2.49,145.5,97.4,46.7,4586.4
20.6,43.4,40225,6.1,1.56,146.2,94.2,26.8,4649
24.5,50.4,48485,6.55,1.38,142.8,171.8,18.9,1245.7
29.6,40.8,12696,5.94,1.17,153.1,213.6,16.5,3087.3
19.8,41.4,26101,6.73,1.21,127.4,99.9,28.3,1610.3
29.3,76.6,18831,5.61,2.28,192.7,236.5,42,4034.8
20.2,54.1,29047,6.69,1.88,149,235.5,21.7,3661.6
24.8,56.4,15004,6.4,2.31,184.2,90.1,30.5,2188.5
22.5,40.7,32705,6.36,2.18,147.5,102.8,34.1,1467.8
29.6,50.8,31509,6.19,2.01,171.8,190.1,28,4324.9
21.3,72.2,47170,5.92,1.91,133.7,240.3,17.7,3697
22.8,64.6,24662,6.2,1.07,162.5,192,46.9,1027.3
29.8,70.2,48680,6.18,2.31,149.8,139,32.6,3511.5
24.4,57.9,10394,6.38,1.63,136.7,83.8,39.2,4241.2
24,52.4,46365,5.92,1.84,188.2,142.2,35.4,3363.1
21.1,59.3,20524,5.62,1.03,111.3,171.4,49.9,2698.9
26.4,52.9,43097,5.72,2.4,148.7,116.2,28.3,3335.7
18.2,73.6,36673,6.55,2.35,119.4,152.1,27,3478.8
18.6,51.9,27156,5.53,1.81,186.1,76,24.4,3560.1
25.2,66.4,11645,6.78,1.87,125.3,140.4,24.5,4868.2
22.1,45.5,39049,6.54,2.06,163.3,68.2,21,1714.6
29.4,67.5,19815,6.65,1.4,116.6,59.8,49.2,3492.4
28.8,76.5,11848,6.75,1.33,140.5,221.4,44.8,1752
26.6,64.3,44329,5.68,2.01,189.9,91,22.7,1839.8
27.8,62.4,43541,6.73,1.16,116.6,165,22.2,3677
26,78.4,17311,6.26,1.68,166.3,79.8,14.1,4663.8
19.5,65.1,31563,6.83,1.74,120.5,102.5,45.1,1636.2
27.2,50.4,25203,6.83,1.57,141.6,122.3,24.9,4849.9
20.5,51.7,19290,5.54,1.28,154.1,78.7,32.9,2277.5
21.9,68.2,44818,6.07,1.53,157.7,59.2,46,2565.3
27.8,69.4,27131,6.29,1.51,160.3,225.4,26.3,1614.7
24.4,52.1,40143,6.52,1.75,164,52.4,42.3,3463.3
28.3,53.8,34509,5.93,2.01,127.2,62.3,27.2,3385.7
20.6,79.6,32244,5.88,2.45,140.1,211,38,2769.1
25.3,44.1,46741,6.07,1.22,103.7,106.4,27.2,2904.4
19,56.2,36898,6.25,2.31,176.9,194.6,25.7,3491.9
25.7,42.5,44383,6.93,1.43,183.7,79.2,49.6,3334
27.2,72.8,30138,6.64,1.89,119.9,97.5,34.5,2497.1
25,43.7,15506,6.14,1.82,120.1,164.6,24.7,4536.5
21.2,67,30605,5.58,1.84,104.2,247.7,20.3,3670.6
18.4,42.3,23054,5.75,2.09,197,64.7,11.6,1821.6
19.4,66.9,38231,6.18,1.57,180.7,130.1,38.3,2279.6
25.5,73.7,23861,6.72,1.48,136.1,58.6,24.9,4151.5
29.2,56,21587,6.07,2.28,148.2,89.8,42.9,1418.1
20.5,60.9,23515,6.31,1.33,129.2,231.5,24.6,4000.9
26.8,56.1,31675,6.84,1.27,159.7,69.3,24.9,2435.4
28.4,52,48622,6.87,1.02,171.7,221.4,41.2,3206.8
24.3,72.1,26600,5.82,1.32,144.7,85.6,29.6,2122.2
26,50.9,37892,5.57,1.78,187.4,222.4,45.4,4945.8
27.8,68.9,27743,5.96,1.81,151.7,157.6,33.6,4623.4
21.1,48.2,13774,6.54,1.38,114.4,225.6,19.6,4713.8
21.6,50,31801,6.93,1.11,162.2,80.3,32.7,1739.1
18,53.5,47695,5.62,2.12,146.2,202.4,10.2,4366.8
29.6,63.6,38853,5.54,2.14,193.6,186.1,22.5,3141.6
29,58.2,14429,6.83,2.5,139.2,158.6,18.3,3831.4
27.2,69.8,14606,6.62,2.35,140.3,212.1,36.2,1870
18.9,48.5,14478,6.99,2.39,165.1,179.7,15.4,3847.9
23.4,40.4,28280,6.1,2.2,152.7,225.4,21.6,4657.1
19.2,71.1,14427,6.12,1.92,137.4,126.2,23.3,2069.9
18.2,72.9,15361,5.76,1.19,199,168,10.1,1933.4
25.4,42.4,35475,5.67,1.93,130.2,224.1,11.9,1417.7
29.5,64.4,10641,6.37,1.08,127.8,93,22.4,2067.2
28.8,55.1,31730,6.05,2.33,186.4,147.1,18.9,3143.2
26.4,71.8,31113,5.62,1.72,100.3,242.1,14.7,4330.9
19.2,75,30011,6.83,2.05,120.1,144.7,16.2,2115.2
21.3,74,29659,5.8,1.08,159,100.6,43.4,3484.6
21.8,71.1,46818,6.62,1.8,116.2,120.2,37.3,2918.4
27.2,50.8,47321,5.92,1.45,198.6,227,29.4,2154.3
27.6,72.5,31309,6.72,1.43,146.4,241,46.4,3041.4
22.6,61.3,28688,5.68,1.58,159.7,240,11.2,1671.8
23,42.1,38176,6.63,1,116,189.8,23.8,3558.3
18.5,58.3,13343,5.65,1.7,128.9,151.9,42.9,1462.7
21.5,77.7,12056,6.17,1.73,161.5,86.5,35.1,3923.9
23.4,75.5,29192,6.6,2.29,155,74.6,49.3,1710.9
19.4,44.1,33476,5.76,1.67,178.4,62,47.8,4992.6
23.4,69.8,19416,5.93,1.55,126.9,53.5,16.8,4294.7
28.2,72.2,49994,6.8,2.49,165.4,225.6,48.9,2375.4
25,50.9,10886,6.83,1.86,129.1,211.8,47.8,2704.8
18.9,58.9,18584,5.57,1.71,158.7,163.6,24.9,2036.8
20.3,68.4,37766,5.75,1.74,160.5,249.7,49.3,4068.5
23.7,57.6,28830,5.68,2.21,112.2,240.6,11.4,2522.9
22.3,44.5,30289,5.77,1.51,154.9,181,36.4,4020.7
22.3,68.2,21530,6.96,1.58,101.2,142.9,20.6,1073.6
24.4,76.5,13591,6.33,2.13,150.1,80.4,15.2,1542.5
25,66.1,38342,6.2,1.11,169.8,153.1,33.1,2459.9
27.6,71,31395,6.98,2.3,107.3,81.5,22.3,1435.6
22.1,54.3,26738,6.34,1.65,193.9,129.7,36.7,3404.5
27.7,47.3,12631,6.49,1.87,145.9,238.5,31.6,1203.3
22.1,65.7,27905,6,2.14,193.8,118.4,25.7,4439.1
18.7,53.1,29056,6.07,1.4,110.7,80.6,17.3,4045.2
24.7,74.4,33546,6.39,2.34,195,166.5,34.1,1865
25.1,44.9,45447,5.6,2.47,110.9,170.5,43.2,2935.2
29.2,57.3,47190,5.88,1.74,146.1,88.8,34,2807.3
26.7,55.9,36014,5.8,2.41,193.8,89.3,34.4,3899.5
29,77.5,17463,5.52,1,123.3,247.9,30.5,2606
28.9,46.1,11780,6.31,2.34,103.5,98.7,25.5,1131.7
25.3,40.4,36107,6.34,1.47,179.3,217.6,28.3,2094.9
24.3,49.5,41587,6.08,1.47,159.6,144.1,49.6,2864.8
24.7,72.8,49339,5.9,1.34,151.4,137,40,4898
29.7,48.4,34968,6.48,1.48,103.4,109,27.2,4524.6
27.3,49.6,43593,5.7,1.32,165.3,204.8,28.3,1725.6
19.3,45.2,33660,6.28,2.36,117.2,226.1,30,3893.1
27.3,68.6,12395,6.65,2.35,193.1,102.2,36.4,4747.3
20,42.8,46913,5.75,1.15,168.6,69,28.6,1035.2
23.4,53.2,41848,6.63,1.21,170.7,77.4,37.4,3883.8
20.5,51.3,25779,6.64,2.29,123.3,208.6,23.2,2837.3
26.3,62.2,15492,5.59,1.6,188.1,137.2,26.4,3720.9
28.5,69.2,39722,5.53,1.25,153.8,76.4,44.6,3422.4
21.5,61.3,17111,6.96,1.77,185.7,118.1,23.2,4938.7
19,77.2,19984,5.79,1.63,127.1,152.8,48.6,2155.3
21.6,78.1,42016,6.73,1.33,175.5,220.4,16.9,4144.6
26.1,54.5,37640,6.34,2.08,157.5,178.3,19.7,1938.6
21.9,71.1,16792,5.9,1.95,104.8,85.2,28.5,2742.4
21.3,69.6,36924,5.69,1.15,140.5,81.7,41.9,4901.5
20.2,75.7,42577,6.25,2.39,118.4,132.5,39.3,4064.5
24,57.9,17711,6.11,1.84,135.9,65,17,2263.3
21.3,61.2,30012,6.55,1.38,138.3,201.1,19.5,3477.5
26.8,56.6,44333,6.86,1.31,147.5,130.3,33,1198.8
18.9,74,46435,6.71,1.2,160,118.6,21.8,2065.6
26,49.2,49227,5.91,1.64,157.1,151.8,26.9,3873.6
20.9,49.6,14096,6.82,1.2,103.9,191.8,29.5,3280.4
23.9,54.9,11019,6.75,1.62,175.1,163.9,33.8,2878.7
21.4,49.2,34312,6.89,1.22,194.9,210.5,20,3763.5
26.7,62.4,19476,6.19,1.99,134.9,175.9,16.5,2593.8
29.3,45.4,18254,6.65,2.18,118,207.6,25.9,1104.6
29,52.8,42419,6.39,1.82,154,189.4,13.3,2764.1
25,76.5,21584,5.97,2.02,170.5,88.6,31.1,4608.5
23.6,56.4,15965,6.99,2.41,167.9,60.5,43.6,4426.5
27.8,69.9,21464,5.56,1.96,161.2,230.7,14.8,2636
26.2,44.5,22439,5.74,1.55,114.6,239.1,14.5,1088.9
20.2,49.9,47489,6.84,1.67,183.7,195.4,13.2,3545.2
27.9,72.3,42963,5.59,2.29,142.6,194.8,43.9,3964.8
23.1,70.5,38440,6.83,1.2,122.1,104,13.2,2177
20.3,55.4,13273,6.57,1.49,108.6,158.5,49.3,2906.7
21.4,78.2,25330,5.56,1.87,141.7,248.4,24.3,4967.4
21.2,76.4,31494,6.14,2.01,161.8,221.2,23.2,3305.4
24.2,78.5,20886,6.63,2.15,166.5,110.9,13.7,2404.3
20.8,57.1,13212,6.37,1.48,196.3,110.2,33.4,3510
19.5,47.9,45523,6.9,1.22,115.3,146.7,33.4,1720.1
19.5,65.1,27905,6.8,2.43,198.6,130.9,29.8,1797
25,67.4,32058,6,1.11,165.5,124.2,22.4,4699.7
26.8,45,11080,5.63,1.14,145.4,175.4,24.7,1956.8
21.9,71.5,42675,6.92,1.74,188.8,52.3,22.8,2243.2
18.4,40.7,32007,6.28,2.23,169.4,202.7,27,3175.1
19.5,59.3,27105,5.61,2.16,134.9,198,23.7,4598.8
29,53.2,40279,6.72,2.41,188.4,216.1,37,4125.8
23.9,69.6,27946,6.8,1.21,166.7,218.3,21.8,1175.1
23.4,52.5,10639,6.46,1.56,169.9,163.3,24,3772.1
18.5,73.1,22502,6.17,1.42,189.6,206,27.4,3016.2
26.7,63.8,47958,6.49,2.29,144.8,148.5,10.2,2902.2
24.3,71.8,38363,6.56,1.73,165.7,240.3,29.7,3766.2
20.4,79.6,13736,6.84,1.04,174.5,88.1,20.2,1784.9
19.3,67.2,26473,6.93,2.06,145.4,233.1,12.2,4926
22.6,79.4,44019,6.27,1.58,108.3,101.7,46.4,3581.2
28,41.2,31087,6.7,1.8,177.1,70.5,22.9,2462.6
28.4,53.5,38489,6.95,2.34,104.8,137.8,27,3400.8
25.2,44.3,46820,5.73,1.39,171.8,173,43.1,1865.9
26.7,50.5,29325,5.53,1.36,191.1,96.2,16.7,3535.4
19.4,73.6,10271,6.8,1.39,134.7,161.2,44,1112.9
25.1,41.3,28414,5.79,1.51,110.2,211.6,19.7,2364.7
26,60.8,34220,5.56,1.16,123.3,101.4,33.6,3990.1
20.4,62.7,19387,5.74,2.05,156.2,166.1,37.4,4231.9
28.6,62.4,21279,6.08,1.31,194.3,117.9,46.2,2011.7
20.3,59,37584,5.83,2.39,151.2,156,34.3,3157.6
21.8,71.6,49809,5.96,1.32,111.3,183.4,28.1,3114
25.4,45.3,20857,6.96,1.38,162.8,120.1,32.9,2685.8
25.7,52.4,18052,6.56,1.45,173.3,248.9,18.1,1913.7
26.4,64.6,26995,6.57,2.15,139.3,162.8,37.6,3812.9
19.3,67.6,23580,5.64,1.64,172.2,214.9,17.5,2009.4
28.2,56.2,28240,6.6,2.23,132.5,195,32.3,4644.1
24.4,75,27910,6.61,2.18,178.9,220.6,35.9,3114
23.7,56.6,20216,6.49,2.39,134.1,84.8,45.9,4481.9
29.8,56.1,48997,5.84,2.13,125.6,94.5,28,2163
26.9,41.4,34911,6.13,1.08,187.9,147.5,41,4228.3
19.4,62,44866,6.77,2.26,154.8,220.5,16.7,1454.7
27.1,68.3,25438,6.51,2.41,128.5,89.5,16.2,4067.3
19.1,44.6,17865,6.6,2.49,193.5,244.2,31,2547.8
18.3,52.2,26557,6.38,1.19,169.1,75.5,33.9,2880
22.8,71.3,22211,6.17,1.92,122.1,85,35.3,1667.2
29.9,54.6,43268,6.64,1.3,161.5,83.4,39.8,1074.5
20.1,49.7,13646,5.6,1.39,187,167.2,21.8,3664.8
26.1,66.9,33924,6.51,2.12,169.6,233.5,34.9,3350.9
20.1,47.9,19910,7,2.47,124.5,101,17.5,3489.7
26.7,75.8,11778,6.67,1.89,164.9,160.6,18.8,2020
24.1,44.2,29441,5.94,2.28,161.9,85.2,12.7,1957.1
26.2,68.3,15190,5.92,1.01,182.1,176.2,39.9,4321.2
20.4,60,25304,6.5,1.05,117.8,74.6,30.3,4045
26.9,74.8,49765,6.84,1.9,170,148.3,19.5,2347.2
29.9,45,37289,6.37,1.58,102.7,181,32.2,3551.2
26,67.1,14747,6.29,2.33,169.6,165.8,24.2,4312.6
23.9,62.9,19286,5.74,1.45,196,78,43.5,4555.3
29.1,59.2,10045,6.57,1.65,117.4,82.3,31.1,1023.2
18.2,59.7,39742,6.55,1.79,131.1,184.3,11.2,4253.8
26.8,68.9,17758,6.95,1.41,158.3,211.8,49.4,2401.6
28.7,77.5,33437,5.95,2.36,173.2,231.6,13,3873.5
18.7,43.7,29585,6.63,1.7,134.4,212.7,37.8,2485.6
23.4,40.8,43223,6.15,1.64,166.4,244.8,27.5,3425
20.5,72.2,19854,6.34,2.27,189.9,131.7,20,3587.1
24.8,44.3,27349,6.72,1.47,172.7,116.2,37.1,2620
25.8,79.5,40692,5.83,2.23,171.1,55.6,15,3051.1
21.6,64.8,31348,6.01,1.18,138.2,140,44.3,3905.3
23.5,66,44296,6.66,1.27,191.1,180.3,20,2905.2
21.4,48,45744,6.36,2.43,127.7,213.1,24.5,1055.9
22.4,49.6,29455,5.64,2.26,120.5,103.5,35.3,1051.6
19.9,66.4,23288,6.15,1.58,136.4,152.7,10,3645.2
28.6,76.4,16387,6.38,1.96,165,182.4,28.9,4389
18.1,79.3,45289,6.86,2.41,186.2,160.3,45.8,4141.1
28.6,47.9,49293,5.78,1.32,113.2,104.8,37.2,2241.6
24.9,45.4,43894,6.71,1.09,181.4,209.3,25.5,2884.5
22,42.3,33016,5.7,1.81,181.3,84.7,36.4,1936.6
26.7,74.7,40215,5.86,1.21,158.7,231,47.5,4956.6
24.1,51.8,26102,5.87,1.28,176.1,240.5,17.5,2042
24,40.1,13404,6.82,2.34,118.2,123.1,31.3,2665
19.3,49,47260,5.8,1.01,117,125.2,19.4,3724.5
22.7,53.6,45111,6.68,2.23,186.3,198.7,44.2,4504.1
20.9,79.6,10106,6.19,1.78,149.8,141.3,38.8,1205.9
18.2,60.9,25195,7,1.84,124.6,55.7,42,2204.1
22.3,48.2,37153,6.76,2.01,168.9,234,47.7,3275.9
19.1,53.4,39605,6.61,1.65,189.2,136.2,19.3,3473.3
21.1,53.2,47569,6.81,1.17,163.2,90.7,11.9,1280.1
19.1,40.8,15580,6.45,1.15,134.7,161.1,21.6,3656.3
19.2,45.4,15400,6.77,2.13,148.3,93.8,26,3112.3
20.4,67.8,49643,5.89,1.33,175.2,91.2,35,4310.5
30,44.8,40649,5.65,1.04,106.8,159.1,41.9,1888.8
18,49.2,40496,6.42,2.47,121.7,128.2,24,1780.1
25.7,54,30637,6.15,2.47,146.3,164.6,28.9,4173.3
19.7,70.3,49015,6.14,1.57,160.4,249.4,41.4,3815.5
29,63.3,16177,6.29,1.04,133.9,221.8,19,4166.7
19.1,67.6,17269,6.04,2.09,129.8,51.5,18.7,4127.7
29.5,62.7,24974,6.44,2.25,104.1,60.1,33.6,1416
25.3,67.3,24037,5.55,1.19,103.3,172,27.4,2114.3
18,40.1,28756,6.95,1.2,127.9,175.3,48,2040.3
28.7,77.2,26167,6.89,2.23,153.1,225.6,24.3,4738.3
24.3,44.4,33218,6.9,2.38,155.6,175.8,40.4,2949.9
21.2,56.2,35167,6.05,2.19,149.4,95.5,33.3,1444.2
27.2,70.8,16617,6.3,1.3,141,143.7,12.2,2158.3
29.1,57.4,31534,6.93,1.62,125.2,211.8,13.4,4487.6
23.8,77.9,35459,6.85,1.9,140.1,234.6,18.1,4388.3
21.8,58.7,30542,6.69,1.24,113.9,97.4,15.7,4601.4
27.5,75,10303,6.11,1.32,111.5,157.9,23.2,2554.1
26.2,72.4,39756,6.35,1.42,130,81.8,33.2,3565.4
28.7,79.2,22683,6.69,1.76,199.5,149.4,34.1,2112.7
26.3,77.1,42695,5.91,1.77,132.6,68,33.5,1723.3
20.9,75.9,21025,6.44,2.22,193.6,238.3,14.7,1087.6
29.2,69.3,30890,6.74,2.13,139.2,177.6,34,1893.8
19.3,54.7,28715,6.56,2.37,143.9,220.8,26.4,3417.5
21.2,44.2,14561,6.22,2.25,179.7,249.7,46.1,4616.8
24.2,67.5,42847,6.38,1.38,109.4,86.5,46.5,1533.7
24.8,79.1,46531,6.98,1.5,118.2,188.8,40.7,4672
18.2,69.1,37407,6.4,1.75,197.4,227.4,38.1,2381.5
27.4,77.1,31580,6.68,1.02,150.6,165.2,14.6,2707.3
22.3,72.2,20169,6.59,2.36,104.4,177.9,13.4,2459.9
22.9,46.5,27116,6.55,1.07,104.7,131.5,43.6,2634.4
27.7,50,46744,6.57,1.48,190.7,185,27.1,2036.8
22.6,53.7,32043,6.18,1.85,187.3,129.1,28.1,3794.4
18.6,46.7,12124,6.21,1.78,145.8,145.3,43.9,4032.7
20.1,63.3,49420,6.2,1.98,116.3,70.6,34.9,4292.5
29.5,79,48051,5.55,1.79,183,51.6,17.2,2365.2
18.8,70.5,17176,5.86,1.34,132.5,61,18.4,4058.5
22.3,56.9,35774,5.73,1.3,141.9,88.5,10.3,3550.7
24,40.2,28676,6.83,2.36,168.2,141.3,38.4,4831.7
23.9,52.5,34760,5.91,1.4,135.3,54.2,29.4,2699.1
18,61.1,10997,5.71,1.42,162.9,81.2,48,4969.2
24,53,47432,5.68,1.62,188.5,206.3,38.6,3961.6
22.6,44.4,23117,6.55,1.21,179.7,202.4,14.1,4105.1
29.7,57.7,21231,5.51,1.76,138.2,207.9,16.5,1102.8
19.9,50.1,39751,6.21,2,128.8,234.3,30.1,2989.6
22.2,76.4,17440,5.68,2.18,128.6,73.8,47,3113.3
23,44.1,29911,6.77,2.07,134.9,82.6,19.9,1162.4
22.7,42,25608,6.94,1.22,149.4,116.7,43,2248.5
26,40.2,39665,6.94,1.68,141.7,233,22.5,4822.6
20.6,53.1,37157,6.16,1.06,113.3,205.1,20.8,2704.4
20.7,66.4,38779,6.47,1.03,116.3,114.8,46.1,1746.8
26.8,69.2,39968,6.4,1.66,134.3,67.5,11.9,3053.4
24,58.1,37387,6.03,1.38,156.2,173.3,36.4,1135.1
23,67.4,14090,6.17,2.03,159.3,101.4,11.7,3064
20,54.4,34945,5.6,2.09,148.6,156.2,42,3377.1
20.3,66.7,13743,6.69,2.34,173.9,238.4,43.2,2430.8
18.1,41.6,40924,5.86,2.14,173.7,164.5,45.7,4050.3
19.1,55.6,20196,6.19,1.07,142.8,234.8,17.4,1542.9
24.7,71.6,36279,6.22,1.56,112.4,128.6,15,4512.7
28.7,72.1,49776,6.34,1.41,153,176.7,30.1,4821.8
21.4,68.6,13324,6.73,1.58,138.1,228.8,20.9,1004.9
21.9,48.2,29641,6.54,1.24,113.8,167.6,34.3,4370.9
19.4,49.9,37482,6.49,1.15,198.2,173,30.5,3024.4
22.7,79.8,42994,6.29,1.78,137,193.3,15.8,2845.6
18.4,44.1,24863,5.64,2.08,162.6,226.4,39.6,1954.7
29,47.2,47486,6.1,2.05,149,67.6,42.2,2789.3
26.1,45.2,48440,6.94,1.68,114.3,117.4,48.5,4801.7
29.9,53.1,34111,6.99,1.78,105.6,129.5,25.8,1843.2
28.6,48.4,13199,6.6,1.77,162.6,231.9,23.5,1716.2
23.7,59.9,48038,5.84,2.04,124.7,241.2,17.7,1967.6
24.2,59,17897,5.65,1.07,124.4,74.1,17.2,3207.3
20.3,76.1,24892,6.12,2.06,195.7,73.8,22.8,4721.2
23.5,41.4,18271,6.78,1.87,146.2,237,49.3,3295.5
28.8,52.8,47926,6.58,1.3,102.9,109.2,13.7,1973.9
18.6,63.9,34815,6.83,1.07,134,98.4,20.4,2761.8
28.4,64.2,43357,6.42,1.16,158.4,57.1,13.4,2561.6
22.1,59.2,19552,5.7,1.79,132.9,105.1,20.9,1186.3
28.8,72.6,26267,5.67,2.14,102.7,188.7,13.7,3042.6
29.3,42.5,28268,5.57,1.5,144.4,135.2,30.3,1504
26.1,72.6,24263,6.35,1.57,110.6,153.4,27.5,4369
26,59.8,15399,5.86,2.4,161.9,233.5,17,3195.9
23.4,45.4,39811,6.6,1.32,162,72.9,17,4378.4
28,75.4,39006,6.53,1.16,103.8,64.2,35,4824.2
29.5,66,11076,5.98,1.52,129.1,220.4,25.5,4772.8
27.3,46.5,17235,5.77,2.12,141.4,205,12.2,1401.7
25.5,41.3,33221,5.65,1.94,155,102.7,46.8,4779.3
25.3,45.6,26417,6.61,1.62,129.6,114.8,26.2,4183
28.2,64.4,42539,6.18,2.45,128.8,112.1,33.6,4110.6
24.5,47.2,44609,5.99,2.1,198.3,179.6,45.4,1360.5
27.6,49,47249,6.78,1.09,104.2,62.2,26.1,1718.1
24.1,41,43902,6.39,2.12,198.9,147.9,42.8,4900.7
18.7,68.9,33645,6.28,1.04,104.8,76.8,46.6,1853.5
22.6,72.4,31682,6.62,1.98,128.8,213.9,17,1676.2
23.3,71.9,33401,6.72,1.32,149.4,126.1,45.7,2449.4
19.7,45.1,17771,6.53,2.04,114.3,155.5,14.8,4653.4
19.2,76.1,18915,6.16,1.46,113.5,55.9,21,2904.8
24.4,66.9,23898,6.07,2.31,125.6,61.7,42.3,4682.3
19,75.9,11913,6.66,1.51,197.4,185,46,2337.4
21.6,57.9,47065,6.28,1.93,138,203.4,37.4,1906.1
26.9,57.5,37068,6.56,1.43,156.6,192,14.2,2980.8
29.6,71.4,11942,6.84,2.38,170.4,197.4,30.9,3461.9
26.6,43.7,30388,6.87,2.17,174.2,70.9,32.9,2566
29.9,60.8,27715,5.92,1.36,168.8,188.7,21.3,2384.1
26.4,73.5,10337,5.78,2.42,133.7,86.3,49.7,1872.2
21.5,73.2,33450,5.89,1.54,111.2,69.6,23.4,2100
26.1,78.2,20057,6.63,1.98,128.2,201.4,18.4,3692.5
26.4,67.9,37713,6.06,2.11,121,227.9,14.4,2479.5
22.5,48.3,18983,5.76,1.03,113.6,193.3,25.1,1319
18.2,40.8,29995,5.65,2.44,102.4,211.1,37.7,1552.6
26.4,59.2,46468,5.99,1.52,193.6,248.2,19.3,2489.5
18.3,60.5,36092,5.7,1.28,192.1,77,40.8,4698
25.6,49.6,22145,5.73,2.28,105,243,15.4,2516.1
20,45,48886,6.53,2.05,117.3,170.2,27.6,1242.6
24.8,63.4,33489,5.53,1.13,114,212.7,38.1,2672
24,70.6,41036,5.68,1.18,128.1,180,15.4,3675.3
18.2,79.7,39613,6.77,2.07,120.4,164,33.9,3374.4
22.4,70.3,38484,6.77,1.11,194.6,190.7,42,2115.2
25.2,71.7,12673,5.99,2.38,108.4,114.1,33.8,3752.4
28.2,64.7,44890,5.63,2.11,121.2,234.9,30.5,3522.5
28.7,79.4,21977,6.56,1.5,108.1,73.1,43.5,1688.7
23.8,65.6,33466,6.04,1.54,198,113.6,49.4,1648.6
26.7,74.4,37009,5.57,1.76,191.8,56.2,17.3,3188.7
21.8,77.8,13688,5.74,1.54,171.7,104.3,37.7,3637.8
22.1,77.2,13748,5.71,2.18,142.6,93.6,13.2,4847.6
20.3,55.3,49110,6.38,2.46,119,59.9,11.7,2687.7
24.7,43.1,23665,6.85,1.88,122.1,148.4,21.2,4059.8
21.8,46.9,46898,6.69,1.67,144.3,143.7,48.8,1466.1
19,42.4,30641,6.32,1.33,176.8,65.5,32.1,4558.4
26.2,44.2,42500,6.13,1.98,126.5,102.4,20.7,3532.4
26.5,47.4,45797,6.43,2.03,131.1,240.7,15.3,3516.1
22.3,53.6,29230,6.17,2.03,160,72.1,46.8,1569.8
18.9,61.7,35046,5.87,1.04,123.8,111,24.5,1158.3
23.1,68.5,46803,6.52,2.35,158.4,57.2,22.3,3805.8
23.3,48.4,45667,6.81,1.51,138.7,79.8,44.3,1468.2
26,66.9,19638,6.06,2.12,103.4,189.9,34.2,1507.9
21.8,68.2,30827,6.76,2.14,140.3,123.3,16.7,1750
26.2,62.3,31173,6.15,1.98,192,140.4,26.9,1391
28.5,76.1,23222,6.1,1.59,129.3,81.4,47.1,3501.6
20.8,44.4,47010,5.54,1.91,132.3,186.4,46,2688
29.7,47.1,28095,6.54,1.06,106.6,200.3,12.8,2064.4
22.6,57.1,11439,6.71,2.14,161.5,86.2,20.7,2763
21.2,45.1,48381,6.5,1.15,184.9,59,16.2,4376.6
23.1,62.7,30014,5.73,1.6,135.3,66.2,31.4,4708.3
19.1,55.9,15375,5.65,1.16,124,181.4,40,2949.9
19.5,51.4,33487,6.36,2.26,195.7,77.1,21.8,3267
23,46.8,35702,6.1,1.83,174.5,148.8,40.3,2028.8
27.1,53.4,30600,6.14,2.04,156.7,80.5,36.7,3054.4
28.8,64.3,12466,6.95,2.02,130.6,84,39.1,3992.5
26,63,16928,6.59,2.26,122.1,50.9,47.9,2968.5
19.3,46.5,32480,6.12,1.2,171.6,114.2,27,2208.3
26.1,45,19111,5.53,1.99,152.2,68,23.7,3328.1
25.6,41.1,39489,5.55,1.86,152.1,128.8,37.4,4786.6
27.7,40.5,19404,6.53,1.05,107.4,169.6,42.3,4551.9
27.9,75.2,43639,6.76,1.3,151.2,123.5,17.7,4077
28.4,41.8,22582,6.56,1.4,182.3,191,43.9,2104.8
23,69.2,10863,6.11,1.11,194.7,198.3,12.3,1966.2
26.4,74.9,37684,5.55,1.53,110.7,189.3,10.3,4354.1
21.2,43.9,13055,6.95,1.04,163.1,237.3,16.3,1725.3
30,57.5,22186,6.98,1.83,156.8,97.5,49.1,3422.4
20.1,78.5,12682,6.32,1.32,189,87.9,30.9,2755.7
18.1,73.4,48046,5.61,1.43,175.1,171.9,11.9,2871.9
19.8,59.6,31832,6.31,2.37,196.5,169,49.9,2818.2
27.3,70.5,26997,6.84,1.75,196,152,39.8,4599.8
23.4,73.3,44640,6.52,1.4,122.6,50.9,43.5,1348.4
23.4,53.9,21346,6.58,1.9,172.5,161,18.5,4131.6
29.5,75.7,17189,5.63,1.3,153.1,236.6,14.2,4340.1
29,58.8,31770,5.66,1.11,121.5,116.9,30.6,4771.5
21.7,61.1,49710,5.69,1.03,119.5,243.5,40.9,2810.4
20.5,80,10244,6.86,2.43,108.1,121.4,35.5,3000.3
28.2,73.7,42788,6.29,2.09,179.6,78,35.2,4845.2
28.9,54.5,39805,6.69,2.2,132.5,129.7,40.3,2833.8
24.5,40.4,23917,5.67,2.47,185.7,148.9,19.1,3014.2
25.6,65,15767,6.89,2.4,160.8,175.9,36.5,2329
21.1,68.2,38390,6.73,2.11,167.4,151,25.7,1126.5
27.6,66,20247,5.84,2.04,129.2,157.3,12.8,2732.2
25.6,78.7,13515,6.81,1.51,145.7,54.8,18.1,3620.4
24,74.5,44678,5.9,1.16,141.2,100.7,41.8,3759.8
18.7,58,32266,5.81,1.86,123.6,112.1,45.8,1026
29,42.5,20750,5.9,1.86,183.3,247.4,21.3,4204.2
25.4,59,39583,6.86,2.43,162.2,109.1,17.6,2969.7
20.3,67.6,18076,6.87,1.66,103.7,229.3,11.1,3083
25.3,64.3,28006,5.99,2.04,182,110.9,47.9,4847
26.1,61.5,25051,6.56,1.86,110.6,69.2,37.4,2137.8
24.3,58.8,14314,6.51,1.27,140.4,99.5,48.3,4046.6
26.6,51.8,38670,6.71,1.89,157.1,104.6,44.6,3299.1
25,51.1,45221,5.94,1.81,100.8,245.6,23.6,3803.2
29.4,60,12015,6.27,1.74,165.3,184.9,14.5,2671.3
18.6,46.4,20236,6.5,1.77,166,236.3,30,2116.8
19.3,53.6,45568,5.54,1.25,165.3,217,11.1,3184.5
20.1,53,36367,6.07,1.7,116.3,165.7,16,2499.8
26.3,63.5,26352,6.54,1.91,125.6,185.1,19.3,1891.6
25.7,42.7,20346,5.88,1.73,124.7,175,36.6,4356.9
28.7,73.2,35156,6.94,1.73,196,183.3,30.4,2903.3
26.8,62.5,24035,5.55,1.12,106.8,103,22.1,4389.3
24.1,66.8,26108,6.94,1.29,142.9,131.6,32.6,2896.1
29.9,68.1,12853,5.83,1.48,187.1,168.5,15,3227.2
21.2,51.7,28620,5.57,1.63,176.9,57.2,40.2,4981.1
28,58.8,14176,5.94,1.89,182.2,146.6,38.5,4806
23.1,78.2,44923,6.68,2.3,197.2,221.9,18.7,2086.8
25.8,70.7,35920,6.63,1.24,138.7,148.5,34.3,4474.6
26.7,78.8,16829,5.81,1.02,131,160.5,30.1,2561.6
25.6,69.9,44654,5.8,1.67,103.1,90.4,12.4,1285
19.7,47,49239,6.46,1.65,115,208.9,21.1,3303.1
23.3,42.6,35130,6.19,1.83,156.2,121.8,50,4908.2
24.7,63.1,18391,6.69,2.25,115.8,241.3,14,4897.3
28.2,54.3,29324,5.54,2.2,173.6,248.7,30.3,1505.9
23.3,51,10306,6.42,1.15,103.7,233.2,44,4084.9
29,72.3,45843,6.6,2.4,125.9,67,22,4211.3
23.3,54.7,40543,6.99,1.17,169.5,116.6,20.4,2475
24.6,52.7,17244,6.52,1.95,125.6,239,45.6,3634.4
27.6,74,16611,5.85,2.01,172.9,210.9,22.2,2952.6
25,73.9,32706,5.66,2.02,199.6,232.2,36.1,1911.6
29.5,54.3,29076,6.46,1.4,179.7,164.5,39.6,4045.1
25.9,73.3,43043,6.28,1.5,134.2,146.1,41.5,2051
24.3,74,15271,6.85,1.82,190.1,71.3,49.8,2361.8
18.3,57,17331,6.59,1.3,105.1,217.9,42.1,1760.1
23,42.7,21553,6.26,1.03,172.5,199,36.3,3877.1
21.6,40.1,41340,6.11,1.84,102.3,61.8,45.8,2834.9
